GaugeID, Lat, Lon, Start Time (UTC), End Time (UTC), Peak Q (cms), Peak Time (UTC), Delta Time (h)
11119940,34.445000,-119.802778,1991-03-19 05:30:00,1991-03-19 09:00:00,33.4139,1991-03-19 07:00:00,1.5000
11119940,34.445000,-119.802778,1992-02-12 13:00:00,1992-02-12 17:00:00,47.8555,1992-02-12 14:45:00,1.7500
11119940,34.445000,-119.802778,1992-02-15 13:30:00,1992-02-15 15:15:00,70.7921,1992-02-15 13:45:00,0.2500
11119940,34.445000,-119.802778,1995-01-10 11:45:00,1995-01-10 18:00:00,59.7485,1995-01-10 15:45:00,4.0000
11119940,34.445000,-119.802778,1995-03-11 02:30:00,1995-03-11 04:45:00,130.2575,1995-03-11 03:30:00,1.0000
11119940,34.445000,-119.802778,1998-02-08 01:00:00,1998-02-08 03:15:00,41.3426,1998-02-08 02:00:00,1.0000
11119940,34.445000,-119.802778,2001-03-05 06:00:00,2001-03-05 09:45:00,58.3327,2001-03-05 07:00:00,1.0000
11119940,34.445000,-119.802778,2008-01-27 10:30:00,2008-01-27 11:15:00,45.8733,2008-01-27 10:52:50,0.3806
11015000,32.834722,-116.622222,1991-03-01 09:00:00,1991-03-02 21:45:00,37.9446,1991-03-01 23:00:00,14.0000
11015000,32.834722,-116.622222,1991-03-20 17:30:00,1991-03-21 02:00:00,2.5202,1991-03-20 20:30:00,3.0000
11015000,32.834722,-116.622222,1991-03-22 22:30:00,1991-03-24 08:00:00,3.8794,1991-03-23 01:45:00,3.2500
11015000,32.834722,-116.622222,1991-03-25 21:45:00,1991-04-04 06:45:00,16.0557,1991-03-27 14:00:00,40.2500
11015000,32.834722,-116.622222,1992-02-13 15:00:00,1992-02-14 03:45:00,2.4919,1992-02-13 15:30:00,0.5000
11015000,32.834722,-116.622222,1992-02-16 00:45:00,1992-02-16 12:45:00,7.3057,1992-02-16 02:00:00,1.2500
11015000,32.834722,-116.622222,1992-08-04 09:30:00,1992-08-04 10:45:00,4.9838,1992-08-04 10:15:00,0.7500
11015000,32.834722,-116.622222,1993-01-06 22:45:00,1993-01-11 18:30:00,98.2595,1993-01-08 12:45:00,38.0000
11015000,32.834722,-116.622222,1993-01-13 02:15:00,1993-02-03 23:45:00,119.4971,1993-01-17 00:00:00,93.7500
11015000,32.834722,-116.622222,1993-03-26 14:30:00,1993-03-30 14:45:00,3.8511,1993-03-27 09:15:00,18.7500
11015000,32.834722,-116.622222,1993-05-16 01:00:00,1993-05-16 04:30:00,6.5412,1993-05-16 01:45:00,0.7500
11015000,32.834722,-116.622222,1994-02-08 17:30:00,1994-02-08 22:00:00,2.1238,1994-02-08 18:15:00,0.7500
11015000,32.834722,-116.622222,1995-01-11 06:45:00,1995-01-11 12:45:00,5.5218,1995-01-11 09:00:00,2.2500
11015000,32.834722,-116.622222,1995-01-26 02:00:00,1995-01-27 06:00:00,26.7028,1995-01-26 11:00:00,9.0000
11015000,32.834722,-116.622222,1995-02-14 16:45:00,1995-02-17 17:15:00,175.8476,1995-02-14 22:30:00,5.7500
11015000,32.834722,-116.622222,1995-03-04 10:45:00,1995-04-03 00:00:00,243.5249,1995-03-06 08:00:00,45.2500
11015000,32.834722,-116.622222,1995-04-18 19:00:00,1995-04-21 17:00:00,3.6246,1995-04-19 01:45:00,6.7500
11015000,32.834722,-116.622222,1995-05-06 15:45:00,1995-05-08 06:45:00,2.1238,1995-05-07 00:30:00,8.7500
11015000,32.834722,-116.622222,1996-03-13 21:00:00,1996-03-14 00:15:00,2.0671,1996-03-13 23:15:00,2.2500
11015000,32.834722,-116.622222,1997-01-13 13:15:00,1997-01-13 20:30:00,3.7945,1997-01-13 16:30:00,3.2500
11015000,32.834722,-116.622222,1998-02-04 16:45:00,1998-02-04 21:30:00,2.9733,1998-02-04 18:15:00,1.5000
11015000,32.834722,-116.622222,1998-02-08 11:45:00,1998-02-10 07:00:00,10.6188,1998-02-08 13:15:00,1.5000
11015000,32.834722,-116.622222,1998-02-15 00:00:00,1998-02-19 06:30:00,73.0575,1998-02-15 06:15:00,6.2500
11015000,32.834722,-116.622222,1998-02-20 10:30:00,1998-02-20 20:45:00,2.2087,1998-02-20 16:30:00,6.0000
11015000,32.834722,-116.622222,1998-02-23 10:15:00,1998-02-28 17:45:00,14.5265,1998-02-24 20:15:00,34.0000
11015000,32.834722,-116.622222,1998-03-06 17:45:00,1998-03-07 07:00:00,2.0954,1998-03-06 21:45:00,4.0000
11015000,32.834722,-116.622222,1998-03-26 12:30:00,1998-04-29 21:15:00,36.2456,1998-03-28 20:45:00,56.2500
11015000,32.834722,-116.622222,1998-05-05 23:45:00,1998-05-06 12:45:00,2.1804,1998-05-06 05:30:00,5.7500
11015000,32.834722,-116.622222,1998-05-13 03:45:00,1998-05-15 09:15:00,3.2281,1998-05-13 09:00:00,5.2500
11015000,32.834722,-116.622222,2004-10-20 19:15:00,2004-10-21 09:45:00,15.3760,2004-10-20 23:30:00,4.2500
11015000,32.834722,-116.622222,2004-10-27 20:00:00,2004-10-28 23:45:00,7.4756,2004-10-27 21:15:00,1.2500
11015000,32.834722,-116.622222,2004-12-29 09:45:00,2004-12-30 20:15:00,33.6970,2004-12-29 14:45:00,5.0000
11015000,32.834722,-116.622222,2005-01-08 09:15:00,2005-01-09 07:45:00,2.8317,2005-01-08 20:45:00,11.5000
11015000,32.834722,-116.622222,2005-01-11 08:00:00,2005-01-15 07:45:00,82.1189,2005-01-11 19:00:00,11.0000
11015000,32.834722,-116.622222,2005-02-12 00:45:00,2005-02-14 06:30:00,3.6246,2005-02-12 22:30:00,21.7500
11015000,32.834722,-116.622222,2005-02-18 16:00:00,2005-02-19 01:00:00,2.5768,2005-02-18 18:45:00,2.7500
11015000,32.834722,-116.622222,2005-02-20 01:30:00,2005-02-20 16:15:00,2.2370,2005-02-20 03:30:00,2.0000
11015000,32.834722,-116.622222,2005-02-21 17:30:00,2005-03-07 20:45:00,16.7353,2005-02-23 16:00:00,46.5000
11015000,32.834722,-116.622222,2005-03-23 09:00:00,2005-03-24 03:15:00,4.5873,2005-03-23 12:30:00,3.5000
11015000,32.834722,-116.622222,2005-04-28 21:30:00,2005-04-29 00:30:00,2.9450,2005-04-28 22:00:00,0.5000
11015000,32.834722,-116.622222,2006-04-05 15:45:00,2006-04-06 13:15:00,3.3980,2006-04-05 23:45:00,8.0000
11015000,32.834722,-116.622222,2008-01-07 10:30:00,2008-01-08 02:45:00,6.7394,2008-01-07 15:15:00,4.7500
11015000,32.834722,-116.622222,2008-01-27 15:30:00,2008-01-29 12:15:00,4.1626,2008-01-27 18:45:00,3.2500
11015000,32.834722,-116.622222,2008-02-04 04:15:00,2008-02-05 04:45:00,2.9166,2008-02-04 11:30:00,7.2500
11015000,32.834722,-116.622222,2008-02-22 18:45:00,2008-02-23 21:00:00,4.6156,2008-02-23 02:00:00,7.2500
11015000,32.834722,-116.622222,2008-02-25 01:00:00,2008-02-25 14:30:00,2.2087,2008-02-25 05:30:00,4.5000
11015000,32.834722,-116.622222,2009-02-17 01:15:00,2009-02-17 20:30:00,6.7960,2009-02-17 04:15:00,3.0000
11015000,32.834722,-116.622222,2010-01-21 17:30:00,2010-01-23 22:15:00,21.1527,2010-01-21 22:45:00,5.2500
11015000,32.834722,-116.622222,2010-02-22 18:45:00,2010-02-23 02:45:00,2.0954,2010-02-22 20:30:00,1.7500
11015000,32.834722,-116.622222,2010-02-28 00:30:00,2010-03-01 17:15:00,4.2475,2010-02-28 09:15:00,8.7500
11015000,32.834722,-116.622222,2010-03-07 22:45:00,2010-03-10 01:00:00,3.2564,2010-03-08 13:15:00,14.5000
11015000,32.834722,-116.622222,2010-12-21 20:00:00,2010-12-24 08:30:00,28.6000,2010-12-22 16:15:00,20.2500
11015000,32.834722,-116.622222,2010-12-29 23:15:00,2010-12-31 07:15:00,5.3236,2010-12-30 10:00:00,10.7500
11015000,32.834722,-116.622222,2011-02-19 08:45:00,2011-02-22 13:15:00,12.3178,2011-02-19 14:30:00,5.7500
11015000,32.834722,-116.622222,2011-02-26 16:00:00,2011-03-06 05:15:00,5.1820,2011-02-26 20:15:00,4.2500
11015000,32.834722,-116.622222,2011-03-07 14:45:00,2011-03-08 13:30:00,2.2087,2011-03-07 21:30:00,6.7500
11015000,32.834722,-116.622222,2011-03-21 10:30:00,2011-03-22 13:00:00,2.4069,2011-03-21 18:45:00,8.2500
11015000,32.834722,-116.622222,2011-03-24 07:30:00,2011-03-24 17:45:00,1.9822,2011-03-24 13:30:00,6.0000
11335000,38.500278,-121.044167,1983-03-11 08:00:00,1983-03-16 07:45:00,739.0697,1983-03-13 21:00:00,61.0000
11335000,38.500278,-121.044167,1983-12-24 19:45:00,1983-12-28 07:45:00,560.6736,1983-12-26 04:00:00,32.2500
11335000,38.500278,-121.044167,1985-02-08 20:30:00,1985-02-09 07:45:00,178.1130,1985-02-09 01:00:00,4.5000
11335000,38.500278,-121.044167,1986-02-15 08:00:00,1986-02-20 07:45:00,1277.0898,1986-02-18 07:30:00,71.5000
11335000,38.500278,-121.044167,1989-03-25 10:15:00,1989-03-26 12:30:00,195.3862,1989-03-25 23:30:00,13.2500
11335000,38.500278,-121.044167,1991-03-25 01:30:00,1991-03-25 16:00:00,188.8734,1991-03-25 06:30:00,5.0000
11335000,38.500278,-121.044167,1992-02-15 10:15:00,1992-02-15 17:00:00,151.2120,1992-02-15 13:45:00,3.5000
11335000,38.500278,-121.044167,1993-01-08 09:45:00,1993-01-08 12:15:00,112.1347,1993-01-08 10:00:00,0.2500
11335000,38.500278,-121.044167,1993-01-13 17:30:00,1993-01-14 12:30:00,178.6793,1993-01-13 23:15:00,5.7500
11335000,38.500278,-121.044167,1993-01-18 08:45:00,1993-01-18 19:15:00,161.1229,1993-01-18 13:15:00,4.5000
11335000,38.500278,-121.044167,1993-01-21 04:00:00,1993-01-23 13:00:00,270.9922,1993-01-21 11:45:00,7.7500
11335000,38.500278,-121.044167,1993-02-09 17:00:00,1993-02-09 18:30:00,112.1347,1993-02-09 17:45:00,0.7500
11335000,38.500278,-121.044167,1993-02-19 06:45:00,1993-02-21 06:15:00,157.4417,1993-02-20 14:15:00,31.5000
11335000,38.500278,-121.044167,1993-02-23 23:00:00,1993-02-24 23:30:00,174.7149,1993-02-24 10:45:00,11.7500
11335000,38.500278,-121.044167,1993-03-24 13:15:00,1993-03-27 16:00:00,238.9942,1993-03-25 23:30:00,34.2500
11335000,38.500278,-121.044167,1993-04-01 15:30:00,1993-04-01 21:15:00,119.7803,1993-04-01 17:15:00,1.7500
11335000,38.500278,-121.044167,1995-01-10 06:45:00,1995-01-12 11:15:00,501.2082,1995-01-11 04:15:00,21.5000
11335000,38.500278,-121.044167,1995-01-14 09:30:00,1995-01-17 01:30:00,328.4754,1995-01-15 06:00:00,20.5000
11335000,38.500278,-121.044167,1995-01-25 14:15:00,1995-01-25 23:15:00,122.8951,1995-01-25 17:30:00,3.2500
11335000,38.500278,-121.044167,1995-01-27 06:45:00,1995-01-28 14:30:00,152.9110,1995-01-27 11:15:00,4.5000
11335000,38.500278,-121.044167,1995-03-03 16:30:00,1995-03-04 11:15:00,163.9545,1995-03-04 00:45:00,8.2500
11335000,38.500278,-121.044167,1995-03-10 01:00:00,1995-03-16 23:30:00,690.9311,1995-03-11 12:30:00,35.5000
11335000,38.500278,-121.044167,1995-03-21 00:00:00,1995-03-25 21:30:00,487.0498,1995-03-23 09:15:00,57.2500
11335000,38.500278,-121.044167,1995-04-08 13:30:00,1995-04-08 16:15:00,110.1525,1995-04-08 13:45:00,0.2500
11335000,38.500278,-121.044167,1995-04-30 08:00:00,1995-05-04 03:15:00,259.3823,1995-05-02 09:00:00,49.0000
11335000,38.500278,-121.044167,1996-01-25 06:30:00,1996-01-25 21:45:00,297.3269,1996-01-25 11:45:00,5.2500
11335000,38.500278,-121.044167,1996-02-05 00:00:00,1996-02-06 10:15:00,184.9090,1996-02-05 19:00:00,19.0000
11335000,38.500278,-121.044167,1996-02-20 03:45:00,1996-02-23 03:30:00,241.5427,1996-02-22 00:15:00,44.5000
11335000,38.500278,-121.044167,1996-03-05 01:30:00,1996-03-06 14:30:00,300.1586,1996-03-05 13:00:00,11.5000
11335000,38.500278,-121.044167,1996-05-16 17:45:00,1996-05-17 07:00:00,231.9150,1996-05-16 21:30:00,3.7500
11335000,38.500278,-121.044167,1996-12-05 19:15:00,1996-12-06 06:45:00,156.5922,1996-12-05 22:00:00,2.7500
11335000,38.500278,-121.044167,1996-12-10 23:30:00,1996-12-11 06:45:00,151.2120,1996-12-11 02:00:00,2.5000
11335000,38.500278,-121.044167,1996-12-12 15:15:00,1996-12-14 06:15:00,319.9804,1996-12-13 01:45:00,10.5000
11335000,38.500278,-121.044167,1996-12-21 15:00:00,1996-12-23 08:45:00,407.7626,1996-12-22 06:45:00,15.7500
11335000,38.500278,-121.044167,1996-12-27 12:30:00,1996-12-28 16:00:00,167.9189,1996-12-27 20:15:00,7.7500
11335000,38.500278,-121.044167,1996-12-30 07:00:00,1997-01-07 01:30:00,2633.4667,1997-01-02 19:15:00,84.2500
11335000,38.500278,-121.044167,1997-01-22 19:15:00,1997-01-30 08:00:00,600.3171,1997-01-23 09:30:00,14.2500
11335000,38.500278,-121.044167,1998-01-12 08:45:00,1998-01-13 14:15:00,230.2160,1998-01-13 04:00:00,19.2500
11335000,38.500278,-121.044167,1998-01-15 15:30:00,1998-01-16 20:45:00,322.8121,1998-01-16 01:00:00,9.5000
11335000,38.500278,-121.044167,1998-01-19 01:30:00,1998-01-19 20:15:00,211.5268,1998-01-19 08:15:00,6.7500
11335000,38.500278,-121.044167,1998-02-03 11:00:00,1998-02-05 02:45:00,841.0103,1998-02-03 20:15:00,9.2500
11335000,38.500278,-121.044167,1998-02-06 23:30:00,1998-02-09 17:30:00,294.4952,1998-02-07 06:00:00,6.5000
11335000,38.500278,-121.044167,1998-02-14 19:00:00,1998-02-15 18:00:00,159.7070,1998-02-15 04:00:00,9.0000
11335000,38.500278,-121.044167,1998-02-22 01:00:00,1998-02-22 21:15:00,178.3961,1998-02-22 07:30:00,6.5000
11335000,38.500278,-121.044167,1998-02-23 22:00:00,1998-02-24 13:15:00,161.1229,1998-02-24 03:15:00,5.2500
11335000,38.500278,-121.044167,1998-03-24 11:00:00,1998-03-28 16:30:00,410.5943,1998-03-25 15:45:00,28.7500
11335000,38.500278,-121.044167,1998-04-04 04:15:00,1998-04-04 06:45:00,109.5862,1998-04-04 05:00:00,0.7500
11335000,38.500278,-121.044167,1999-01-20 09:45:00,1999-01-21 09:15:00,143.8496,1999-01-20 19:30:00,9.7500
11335000,38.500278,-121.044167,1999-01-23 23:00:00,1999-01-24 06:45:00,132.2397,1999-01-24 02:45:00,3.7500
11335000,38.500278,-121.044167,1999-02-07 17:45:00,1999-02-11 16:30:00,634.2974,1999-02-09 22:15:00,52.5000
11335000,38.500278,-121.044167,1999-02-17 10:00:00,1999-02-19 13:00:00,195.6694,1999-02-17 15:15:00,5.2500
11335000,38.500278,-121.044167,1999-02-21 07:30:00,1999-02-22 04:30:00,195.6694,1999-02-21 14:30:00,7.0000
11335000,38.500278,-121.044167,1999-03-03 19:45:00,1999-03-04 02:15:00,116.3822,1999-03-03 21:15:00,1.5000
11335000,38.500278,-121.044167,2000-01-24 15:30:00,2000-01-26 06:15:00,308.6536,2000-01-25 10:00:00,18.5000
11335000,38.500278,-121.044167,2000-02-12 06:30:00,2000-02-17 08:00:00,317.1487,2000-02-14 21:15:00,62.7500
11335000,38.500278,-121.044167,2000-02-23 09:30:00,2000-02-24 03:30:00,201.8991,2000-02-23 17:15:00,7.7500
11335000,38.500278,-121.044167,2000-02-27 10:15:00,2000-03-01 01:00:00,266.4615,2000-02-28 02:15:00,16.0000
11335000,38.500278,-121.044167,2004-02-26 16:30:00,2004-02-27 13:00:00,139.0357,2004-02-27 07:45:00,15.2500
11335000,38.500278,-121.044167,2004-12-31 10:45:00,2004-12-31 20:45:00,143.0001,2004-12-31 14:15:00,3.5000
11335000,38.500278,-121.044167,2005-01-09 11:30:00,2005-01-09 16:00:00,114.9664,2005-01-09 13:00:00,1.5000
11335000,38.500278,-121.044167,2005-01-11 12:30:00,2005-01-12 03:30:00,144.4159,2005-01-11 18:30:00,6.0000
11335000,38.500278,-121.044167,2005-03-23 01:30:00,2005-03-25 06:45:00,362.4556,2005-03-24 01:00:00,23.5000
11335000,38.500278,-121.044167,2005-03-28 12:00:00,2005-03-29 06:15:00,133.0892,2005-03-28 15:30:00,3.5000
11335000,38.500278,-121.044167,2005-12-26 12:15:00,2005-12-26 22:45:00,142.1506,2005-12-26 18:15:00,6.0000
11335000,38.500278,-121.044167,2005-12-29 01:30:00,2005-12-29 15:30:00,138.1862,2005-12-29 10:15:00,8.7500
11335000,38.500278,-121.044167,2005-12-31 07:45:00,2006-01-04 03:45:00,993.9213,2005-12-31 20:30:00,12.7500
11335000,38.500278,-121.044167,2006-02-28 18:00:00,2006-03-01 05:15:00,144.9823,2006-02-28 21:45:00,3.7500
11335000,38.500278,-121.044167,2006-03-03 21:00:00,2006-03-04 03:30:00,112.1347,2006-03-03 22:30:00,1.5000
11335000,38.500278,-121.044167,2006-03-06 21:00:00,2006-03-08 09:15:00,118.0813,2006-03-06 23:00:00,2.0000
11335000,38.500278,-121.044167,2006-03-25 20:00:00,2006-03-26 16:00:00,184.6258,2006-03-25 23:15:00,3.2500
11335000,38.500278,-121.044167,2006-03-29 03:00:00,2006-03-29 18:30:00,149.7961,2006-03-29 05:30:00,2.5000
11335000,38.500278,-121.044167,2006-04-01 03:30:00,2006-04-02 03:15:00,193.6872,2006-04-01 10:30:00,7.0000
11335000,38.500278,-121.044167,2006-04-03 08:15:00,2006-04-19 09:00:00,923.1292,2006-04-05 03:00:00,42.7500
11335000,38.500278,-121.044167,2007-02-27 01:30:00,2007-02-27 14:00:00,141.0179,2007-02-27 07:45:00,6.2500
11335000,38.500278,-121.044167,2009-03-03 05:45:00,2009-03-05 04:15:00,209.2615,2009-03-04 11:00:00,29.2500
11335000,38.500278,-121.044167,2010-02-27 15:15:00,2010-02-27 21:15:00,143.5664,2010-02-27 16:00:00,0.7500
11335000,38.500278,-121.044167,2010-12-18 16:00:00,2010-12-21 08:00:00,319.9804,2010-12-20 06:00:00,38.0000
11335000,38.500278,-121.044167,2010-12-29 12:30:00,2010-12-30 15:15:00,286.0002,2010-12-29 19:00:00,6.5000
11335000,38.500278,-121.044167,2011-02-19 10:45:00,2011-02-19 18:45:00,127.7090,2011-02-19 12:15:00,1.5000
11335000,38.500278,-121.044167,2011-02-26 00:00:00,2011-02-26 06:15:00,134.7882,2011-02-26 02:15:00,2.2500
11335000,38.500278,-121.044167,2011-03-07 09:45:00,2011-03-08 10:00:00,159.7070,2011-03-07 15:15:00,5.5000
11335000,38.500278,-121.044167,2011-03-14 17:45:00,2011-03-14 23:45:00,112.7010,2011-03-14 19:00:00,1.2500
11335000,38.500278,-121.044167,2011-03-16 03:00:00,2011-03-23 00:00:00,348.2972,2011-03-16 20:00:00,17.0000
11335000,38.500278,-121.044167,2011-03-24 00:45:00,2011-03-28 21:00:00,314.3170,2011-03-25 05:30:00,28.7500
11335000,38.500278,-121.044167,2012-03-17 06:00:00,2012-03-17 23:00:00,203.5981,2012-03-17 14:15:00,8.2500
11335000,38.500278,-121.044167,2012-04-13 16:15:00,2012-04-14 03:45:00,165.3704,2012-04-13 21:00:00,4.7500
11335000,38.500278,-121.044167,2012-12-03 00:15:00,2012-12-03 12:15:00,183.2100,2012-12-03 05:00:00,4.7500
11335000,38.500278,-121.044167,2014-02-10 04:00:00,2014-02-10 07:15:00,109.3030,2014-02-10 04:30:00,0.5000
11335000,38.500278,-121.044167,2015-02-08 00:45:00,2015-02-10 00:30:00,206.1466,2015-02-09 15:45:00,39.0000
11335000,38.500278,-121.044167,2015-12-22 18:15:00,2015-12-23 03:00:00,118.6476,2015-12-22 21:15:00,3.0000
11335000,38.500278,-121.044167,2016-01-30 14:15:00,2016-01-31 06:30:00,165.3704,2016-01-30 21:15:00,7.0000
11335000,38.500278,-121.044167,2016-03-06 08:00:00,2016-03-08 12:45:00,259.9487,2016-03-07 18:00:00,34.0000
11335000,38.500278,-121.044167,2016-03-12 04:00:00,2016-03-12 13:00:00,124.0278,2016-03-12 05:00:00,1.0000
11335000,38.500278,-121.044167,2016-03-13 17:45:00,2016-03-16 06:30:00,220.8714,2016-03-14 10:15:00,16.5000
11023000,32.765000,-117.167778,1988-12-25 12:52:24,1988-12-25 15:52:27,27.0992,1988-12-25 14:07:27,1.2508
11023000,32.765000,-117.167778,1990-01-14 17:30:00,1990-01-14 18:15:00,22.9933,1990-01-14 17:45:00,0.2500
11023000,32.765000,-117.167778,1991-02-28 07:45:00,1991-03-02 14:15:00,167.9189,1991-03-01 17:00:00,33.2500
11023000,32.765000,-117.167778,1991-03-19 13:45:00,1991-03-19 14:30:00,23.1632,1991-03-19 14:15:00,0.5000
11023000,32.765000,-117.167778,1991-03-20 18:15:00,1991-03-22 07:00:00,75.3228,1991-03-21 15:30:00,21.2500
11023000,32.765000,-117.167778,1991-03-26 13:00:00,1991-03-28 14:30:00,111.5684,1991-03-27 14:45:00,25.7500
11023000,32.765000,-117.167778,1992-01-06 04:30:00,1992-01-06 20:30:00,26.8161,1992-01-06 17:00:00,12.5000
11023000,32.765000,-117.167778,1992-02-07 04:15:00,1992-02-07 21:15:00,92.0298,1992-02-07 07:15:00,3.0000
11023000,32.765000,-117.167778,1992-02-16 02:00:00,1992-02-16 06:00:00,33.6970,1992-02-16 03:15:00,1.2500
11023000,32.765000,-117.167778,1992-03-03 00:45:00,1992-03-03 16:45:00,41.9089,1992-03-03 03:45:00,3.0000
11023000,32.765000,-117.167778,1993-01-07 03:15:00,1993-01-09 08:15:00,62.8634,1993-01-07 19:00:00,15.7500
11023000,32.765000,-117.167778,1993-01-13 11:15:00,1993-01-16 07:45:00,94.8614,1993-01-16 03:45:00,64.5000
11023000,32.765000,-117.167778,1993-01-31 12:30:00,1993-01-31 16:15:00,32.8475,1993-01-31 13:45:00,1.2500
11023000,32.765000,-117.167778,1993-02-08 10:30:00,1993-02-09 03:45:00,67.9604,1993-02-08 13:00:00,2.5000
11023000,32.765000,-117.167778,1993-02-20 00:45:00,1993-02-22 14:15:00,81.2693,1993-02-20 03:30:00,2.7500
11023000,32.765000,-117.167778,1993-02-24 08:30:00,1993-02-24 23:45:00,30.8654,1993-02-24 16:45:00,8.2500
11023000,32.765000,-117.167778,1995-01-05 02:00:00,1995-01-06 01:45:00,133.6555,1995-01-05 06:30:00,4.5000
11023000,32.765000,-117.167778,1995-01-11 09:30:00,1995-01-11 12:00:00,24.5790,1995-01-11 10:30:00,1.0000
11023000,32.765000,-117.167778,1995-01-12 19:00:00,1995-01-13 14:00:00,70.2258,1995-01-12 22:00:00,3.0000
11023000,32.765000,-117.167778,1995-01-26 05:00:00,1995-01-27 00:30:00,41.9089,1995-01-26 07:45:00,2.7500
11023000,32.765000,-117.167778,1995-02-14 18:15:00,1995-02-15 22:45:00,101.6575,1995-02-14 21:45:00,3.5000
11023000,32.765000,-117.167778,1995-03-05 22:30:00,1995-03-07 16:45:00,267.0279,1995-03-06 11:30:00,13.0000
11023000,32.765000,-117.167778,1995-03-11 10:45:00,1995-03-13 00:15:00,81.2693,1995-03-11 13:45:00,3.0000
11023000,32.765000,-117.167778,1996-11-22 10:45:00,1996-11-22 19:45:00,48.7050,1996-11-22 14:45:00,4.0000
11023000,32.765000,-117.167778,1997-01-13 04:15:00,1997-01-13 22:00:00,43.3248,1997-01-13 16:15:00,12.0000
11023000,32.765000,-117.167778,1997-01-26 14:00:00,1997-01-26 20:45:00,26.9293,1997-01-26 17:00:00,3.0000
11023000,32.765000,-117.167778,1998-01-10 11:45:00,1998-01-10 14:15:00,25.4002,1998-01-10 12:30:00,0.7500
11023000,32.765000,-117.167778,1998-02-03 22:30:00,1998-02-04 23:15:00,52.9525,1998-02-04 11:15:00,12.7500
11023000,32.765000,-117.167778,1998-02-08 10:30:00,1998-02-10 00:45:00,200.7664,1998-02-08 14:00:00,3.5000
11023000,32.765000,-117.167778,1998-02-15 01:00:00,1998-02-16 07:00:00,95.7109,1998-02-15 10:45:00,9.7500
11023000,32.765000,-117.167778,1998-02-17 13:45:00,1998-02-18 13:00:00,74.4733,1998-02-17 18:30:00,4.7500
11023000,32.765000,-117.167778,1998-02-20 12:00:00,1998-02-21 00:15:00,25.6551,1998-02-20 22:45:00,10.7500
11023000,32.765000,-117.167778,1998-02-24 07:15:00,1998-02-25 14:15:00,107.8872,1998-02-24 11:15:00,4.0000
11023000,32.765000,-117.167778,1998-03-26 02:45:00,1998-03-26 13:00:00,24.8056,1998-03-26 03:15:00,0.5000
11023000,32.765000,-117.167778,1998-03-28 18:30:00,1998-03-29 04:00:00,26.2780,1998-03-29 02:15:00,7.7500
11023000,32.765000,-117.167778,1998-04-01 15:30:00,1998-04-02 01:30:00,33.9802,1998-04-01 20:30:00,5.0000
11023000,32.765000,-117.167778,2000-02-22 00:30:00,2000-02-22 17:00:00,64.2792,2000-02-22 04:45:00,4.2500
11023000,32.765000,-117.167778,2000-02-24 05:30:00,2000-02-24 08:15:00,27.8638,2000-02-24 06:30:00,1.0000
11023000,32.765000,-117.167778,2001-01-13 01:00:00,2001-01-13 02:00:00,23.0216,2001-01-13 01:15:00,0.2500
11023000,32.765000,-117.167778,2003-02-13 01:00:00,2003-02-13 07:00:00,36.8119,2003-02-13 03:00:00,2.0000
11023000,32.765000,-117.167778,2003-02-14 10:45:00,2003-02-14 14:00:00,26.5329,2003-02-14 12:00:00,1.2500
11023000,32.765000,-117.167778,2003-02-25 19:15:00,2003-02-25 23:00:00,26.6178,2003-02-25 21:45:00,2.5000
11023000,32.765000,-117.167778,2003-03-16 13:45:00,2003-03-16 18:30:00,29.4495,2003-03-16 15:45:00,2.0000
11023000,32.765000,-117.167778,2003-04-15 06:00:00,2003-04-15 07:45:00,24.7772,2003-04-15 06:45:00,0.7500
11023000,32.765000,-117.167778,2004-02-23 09:45:00,2004-02-24 01:00:00,34.5466,2004-02-23 13:00:00,3.2500
11023000,32.765000,-117.167778,2004-10-20 23:15:00,2004-10-21 17:15:00,40.7763,2004-10-21 02:00:00,2.7500
11023000,32.765000,-117.167778,2004-10-27 14:45:00,2004-10-28 13:15:00,71.3585,2004-10-27 17:30:00,2.7500
11023000,32.765000,-117.167778,2004-12-29 09:45:00,2004-12-30 05:15:00,77.8713,2004-12-29 14:30:00,4.7500
11023000,32.765000,-117.167778,2005-01-03 21:15:00,2005-01-05 03:00:00,30.8654,2005-01-04 17:45:00,20.5000
11023000,32.765000,-117.167778,2005-01-08 03:45:00,2005-01-08 05:45:00,24.0410,2005-01-08 04:45:00,1.0000
11023000,32.765000,-117.167778,2005-01-10 04:30:00,2005-01-12 18:15:00,84.1010,2005-01-11 16:30:00,36.0000
11023000,32.765000,-117.167778,2005-02-12 08:00:00,2005-02-13 09:30:00,27.3824,2005-02-13 03:30:00,19.5000
11023000,32.765000,-117.167778,2005-02-21 17:30:00,2005-02-24 13:30:00,93.4456,2005-02-22 01:15:00,7.7500
11023000,32.765000,-117.167778,2005-03-05 08:45:00,2005-03-06 02:15:00,81.2693,2005-03-05 12:00:00,3.2500
11023000,32.765000,-117.167778,2007-02-20 01:00:00,2007-02-20 03:30:00,26.9576,2007-02-20 02:15:00,1.2500
11023000,32.765000,-117.167778,2008-01-07 15:30:00,2008-01-07 19:00:00,25.4852,2008-01-07 17:15:00,1.7500
11023000,32.765000,-117.167778,2008-12-16 02:30:00,2008-12-16 17:30:00,44.4574,2008-12-16 04:30:00,2.0000
11023000,32.765000,-117.167778,2008-12-17 22:00:00,2008-12-18 17:15:00,72.2080,2008-12-18 07:00:00,9.0000
11023000,32.765000,-117.167778,2009-02-07 17:30:00,2009-02-08 06:45:00,24.8339,2009-02-08 05:30:00,12.0000
11023000,32.765000,-117.167778,2009-12-08 02:30:00,2009-12-08 19:15:00,52.6693,2009-12-08 05:00:00,2.5000
11023000,32.765000,-117.167778,2010-01-19 05:00:00,2010-01-23 15:00:00,74.7565,2010-01-22 01:00:00,68.0000
11023000,32.765000,-117.167778,2010-12-21 09:30:00,2010-12-24 02:30:00,266.7447,2010-12-22 20:00:00,34.5000
11023000,32.765000,-117.167778,2010-12-30 09:15:00,2010-12-30 14:00:00,23.3331,2010-12-30 11:15:00,2.0000
11023000,32.765000,-117.167778,2011-02-26 19:00:00,2011-02-27 07:30:00,29.7327,2011-02-26 20:45:00,1.7500
11023000,32.765000,-117.167778,2015-07-20 02:45:00,2015-07-20 06:30:00,36.5287,2015-07-20 04:08:00,1.3833
11023000,32.765000,-117.167778,2016-01-06 00:45:00,2016-01-08 16:00:00,76.4555,2016-01-06 04:00:00,3.2500
11348500,41.406111,-120.926667,1989-03-09 10:30:00,1989-03-11 17:45:00,84.9505,1989-03-09 16:45:00,6.2500
11348500,41.406111,-120.926667,1993-03-18 04:00:00,1993-03-20 04:30:00,94.0119,1993-03-18 17:30:00,13.5000
11348500,41.406111,-120.926667,1995-01-10 15:30:00,1995-01-12 08:15:00,93.1624,1995-01-11 16:00:00,24.5000
11348500,41.406111,-120.926667,1995-05-01 06:45:00,1995-05-11 16:30:00,159.1407,1995-05-02 21:15:00,38.5000
11348500,41.406111,-120.926667,1996-02-06 18:45:00,1996-02-10 12:00:00,106.1882,1996-02-08 12:45:00,42.0000
11348500,41.406111,-120.926667,1996-02-21 00:00:00,1996-02-23 14:30:00,111.0020,1996-02-21 23:30:00,23.5000
11348500,41.406111,-120.926667,1997-01-01 09:45:00,1997-01-07 03:30:00,206.1466,1997-01-03 07:30:00,45.7500
11348500,41.406111,-120.926667,1998-05-11 02:15:00,1998-05-20 09:00:00,110.4357,1998-05-13 20:45:00,66.5000
11348500,41.406111,-120.926667,1998-06-15 19:45:00,1998-06-16 19:15:00,80.7030,1998-06-16 02:15:00,6.5000
11348500,41.406111,-120.926667,1999-03-02 07:45:00,1999-03-04 11:15:00,87.7822,1999-03-03 10:00:00,26.2500
11348500,41.406111,-120.926667,2004-02-18 12:45:00,2004-02-20 00:15:00,82.4020,2004-02-19 13:45:00,25.0000
11348500,41.406111,-120.926667,2005-05-09 09:30:00,2005-05-13 11:30:00,106.4713,2005-05-10 11:45:00,26.2500
11348500,41.406111,-120.926667,2006-01-01 04:45:00,2006-01-03 16:45:00,110.4357,2006-01-01 23:15:00,18.5000
11348500,41.406111,-120.926667,2011-04-22 05:15:00,2011-04-24 17:30:00,94.2951,2011-04-23 12:45:00,31.5000
11143200,36.474444,-121.727778,1995-01-10 06:45:00,1995-01-10 07:45:00,199.0674,1995-01-10 07:45:00,1.0000
11143200,36.474444,-121.727778,1998-02-08 08:00:00,1998-02-09 05:30:00,177.8298,1998-02-08 08:45:00,0.7500
11164500,37.423333,-122.188333,1997-01-02 16:00:00,1997-01-02 16:15:00,92.0298,1997-01-02 16:15:00,0.2500
11164500,37.423333,-122.188333,1998-02-03 05:45:00,1998-02-03 14:15:00,203.8813,1998-02-03 10:00:00,4.2500
11164500,37.423333,-122.188333,2000-02-14 03:15:00,2000-02-14 06:30:00,111.2852,2000-02-14 05:30:00,2.2500
11164500,37.423333,-122.188333,2002-12-16 13:30:00,2002-12-16 15:30:00,105.6218,2002-12-16 14:30:00,1.0000
11164500,37.423333,-122.188333,2005-12-31 15:15:00,2005-12-31 18:45:00,137.0535,2005-12-31 16:45:00,1.5000
11164500,37.423333,-122.188333,2010-01-20 18:45:00,2010-01-20 19:30:00,97.6931,2010-01-20 19:00:00,0.2500
11164500,37.423333,-122.188333,2012-12-23 23:15:00,2012-12-24 05:15:00,152.9110,2012-12-24 02:45:00,3.5000
11502500,42.565000,-121.878333,1993-03-27 22:30:00,1993-03-29 03:30:00,168.7684,1993-03-28 13:00:00,14.5000
11502500,42.565000,-121.878333,1996-02-10 22:00:00,1996-02-13 19:00:00,189.7229,1996-02-12 02:30:00,28.5000
11502500,42.565000,-121.878333,1997-01-03 09:00:00,1997-01-08 17:30:00,484.2181,1997-01-05 10:00:00,49.0000
11023000,32.765000,-117.167778,1988-12-25 13:07:24,1988-12-25 15:07:27,27.0992,1988-12-25 14:07:27,1.0008
11023000,32.765000,-117.167778,1991-03-01 02:00:00,1991-03-02 13:00:00,167.9189,1991-03-01 17:00:00,15.0000
11023000,32.765000,-117.167778,1991-03-20 18:45:00,1991-03-22 05:45:00,75.3228,1991-03-21 15:30:00,20.7500
11023000,32.765000,-117.167778,1991-03-26 13:30:00,1991-03-28 13:15:00,111.5684,1991-03-27 14:45:00,25.2500
11023000,32.765000,-117.167778,1992-01-06 16:00:00,1992-01-06 19:00:00,26.8161,1992-01-06 17:00:00,1.0000
11023000,32.765000,-117.167778,1992-02-07 04:30:00,1992-02-07 20:45:00,92.0298,1992-02-07 07:15:00,2.7500
11023000,32.765000,-117.167778,1992-02-16 02:15:00,1992-02-16 05:30:00,33.6970,1992-02-16 03:15:00,1.0000
11023000,32.765000,-117.167778,1992-03-03 01:15:00,1992-03-03 15:15:00,41.9089,1992-03-03 03:45:00,2.5000
11023000,32.765000,-117.167778,1993-01-07 03:45:00,1993-01-09 06:15:00,62.8634,1993-01-07 19:00:00,15.2500
11023000,32.765000,-117.167778,1993-01-13 12:15:00,1993-01-16 07:45:00,94.8614,1993-01-16 03:45:00,63.5000
11023000,32.765000,-117.167778,1993-01-31 12:45:00,1993-01-31 15:45:00,32.8475,1993-01-31 13:45:00,1.0000
11023000,32.765000,-117.167778,1993-02-08 10:45:00,1993-02-09 02:30:00,67.9604,1993-02-08 13:00:00,2.2500
11023000,32.765000,-117.167778,1993-02-20 01:15:00,1993-02-22 11:15:00,81.2693,1993-02-20 03:30:00,2.2500
11023000,32.765000,-117.167778,1993-02-24 10:45:00,1993-02-24 22:00:00,30.8654,1993-02-24 16:45:00,6.0000
11023000,32.765000,-117.167778,1995-01-05 02:15:00,1995-01-06 01:00:00,133.6555,1995-01-05 06:30:00,4.2500
11023000,32.765000,-117.167778,1995-01-12 19:15:00,1995-01-13 12:45:00,70.2258,1995-01-12 22:00:00,2.7500
11023000,32.765000,-117.167778,1995-01-26 05:30:00,1995-01-26 23:45:00,41.9089,1995-01-26 07:45:00,2.2500
11023000,32.765000,-117.167778,1995-02-14 18:30:00,1995-02-15 21:45:00,101.6575,1995-02-14 21:45:00,3.2500
11023000,32.765000,-117.167778,1995-03-05 23:00:00,1995-03-07 15:00:00,267.0279,1995-03-06 11:30:00,12.5000
11023000,32.765000,-117.167778,1995-03-11 10:45:00,1995-03-12 23:15:00,81.2693,1995-03-11 13:45:00,3.0000
11023000,32.765000,-117.167778,1996-11-22 11:00:00,1996-11-22 19:15:00,48.7050,1996-11-22 14:45:00,3.7500
11023000,32.765000,-117.167778,1997-01-13 04:45:00,1997-01-13 21:15:00,43.3248,1997-01-13 16:15:00,11.5000
11023000,32.765000,-117.167778,1997-01-26 14:45:00,1997-01-26 19:00:00,26.9293,1997-01-26 17:00:00,2.2500
11023000,32.765000,-117.167778,1998-01-10 12:15:00,1998-01-10 12:45:00,25.4002,1998-01-10 12:30:00,0.2500
11023000,32.765000,-117.167778,1998-02-03 22:45:00,1998-02-04 22:30:00,52.9525,1998-02-04 11:15:00,12.5000
11023000,32.765000,-117.167778,1998-02-08 10:30:00,1998-02-10 00:00:00,200.7664,1998-02-08 14:00:00,3.5000
11023000,32.765000,-117.167778,1998-02-15 01:00:00,1998-02-16 04:45:00,95.7109,1998-02-15 10:45:00,9.7500
11023000,32.765000,-117.167778,1998-02-17 14:00:00,1998-02-18 12:00:00,74.4733,1998-02-17 18:30:00,4.5000
11023000,32.765000,-117.167778,1998-02-20 22:15:00,1998-02-20 23:30:00,25.6551,1998-02-20 22:45:00,0.5000
11023000,32.765000,-117.167778,1998-02-24 07:15:00,1998-02-25 13:00:00,107.8872,1998-02-24 11:15:00,4.0000
11023000,32.765000,-117.167778,1998-03-29 01:15:00,1998-03-29 03:15:00,26.2780,1998-03-29 02:15:00,1.0000
11023000,32.765000,-117.167778,1998-04-01 16:15:00,1998-04-02 00:30:00,33.9802,1998-04-01 20:30:00,4.2500
11023000,32.765000,-117.167778,2000-02-22 01:00:00,2000-02-22 16:15:00,64.2792,2000-02-22 04:45:00,3.7500
11023000,32.765000,-117.167778,2000-02-24 05:45:00,2000-02-24 07:45:00,27.8638,2000-02-24 06:30:00,0.7500
11023000,32.765000,-117.167778,2003-02-13 01:15:00,2003-02-13 06:30:00,36.8119,2003-02-13 03:00:00,1.7500
11023000,32.765000,-117.167778,2003-02-14 11:00:00,2003-02-14 13:00:00,26.5329,2003-02-14 12:00:00,1.0000
11023000,32.765000,-117.167778,2003-02-25 20:15:00,2003-02-25 22:30:00,26.6178,2003-02-25 21:45:00,1.5000
11023000,32.765000,-117.167778,2003-03-16 14:15:00,2003-03-16 18:00:00,29.4495,2003-03-16 15:45:00,1.5000
11023000,32.765000,-117.167778,2004-02-23 10:15:00,2004-02-24 00:15:00,34.5466,2004-02-23 13:00:00,2.7500
11023000,32.765000,-117.167778,2004-10-20 23:30:00,2004-10-21 16:30:00,40.7763,2004-10-21 02:00:00,2.5000
11023000,32.765000,-117.167778,2004-10-27 15:00:00,2004-10-28 12:15:00,71.3585,2004-10-27 17:30:00,2.5000
11023000,32.765000,-117.167778,2004-12-29 10:00:00,2004-12-30 04:30:00,77.8713,2004-12-29 14:30:00,4.5000
11023000,32.765000,-117.167778,2005-01-03 21:45:00,2005-01-04 23:00:00,30.8654,2005-01-04 17:45:00,20.0000
11023000,32.765000,-117.167778,2005-01-10 04:45:00,2005-01-12 15:30:00,84.1010,2005-01-11 16:30:00,35.7500
11023000,32.765000,-117.167778,2005-02-12 23:00:00,2005-02-13 07:30:00,27.3824,2005-02-13 03:30:00,4.5000
11023000,32.765000,-117.167778,2005-02-21 18:15:00,2005-02-24 10:00:00,93.4456,2005-02-22 01:15:00,7.0000
11023000,32.765000,-117.167778,2005-03-05 08:45:00,2005-03-06 01:15:00,81.2693,2005-03-05 12:00:00,3.2500
11023000,32.765000,-117.167778,2007-02-20 01:30:00,2007-02-20 03:00:00,26.9576,2007-02-20 02:15:00,0.7500
11023000,32.765000,-117.167778,2008-01-07 16:30:00,2008-01-07 17:45:00,25.4852,2008-01-07 17:15:00,0.7500
11023000,32.765000,-117.167778,2008-12-16 02:45:00,2008-12-16 08:15:00,44.4574,2008-12-16 04:30:00,1.7500
11023000,32.765000,-117.167778,2008-12-17 22:15:00,2008-12-18 16:45:00,72.2080,2008-12-18 07:00:00,8.7500
11023000,32.765000,-117.167778,2009-12-08 03:00:00,2009-12-08 17:30:00,52.6693,2009-12-08 05:00:00,2.0000
11023000,32.765000,-117.167778,2010-01-19 05:15:00,2010-01-20 05:30:00,41.0594,2010-01-19 06:30:00,1.2500
11023000,32.765000,-117.167778,2010-01-21 06:30:00,2010-01-23 10:15:00,74.7565,2010-01-22 01:00:00,18.5000
11023000,32.765000,-117.167778,2010-12-21 11:30:00,2010-12-23 23:00:00,266.7447,2010-12-22 20:00:00,32.5000
11023000,32.765000,-117.167778,2011-02-26 19:45:00,2011-02-26 22:15:00,29.7327,2011-02-26 20:45:00,1.0000
11023000,32.765000,-117.167778,2015-07-20 02:45:00,2015-07-20 06:00:00,36.5287,2015-07-20 04:08:00,1.3833
11023000,32.765000,-117.167778,2016-01-06 00:45:00,2016-01-08 11:45:00,76.4555,2016-01-06 04:00:00,3.2500
11046000,33.311111,-117.346389,1991-03-27 16:30:00,1991-03-27 22:30:00,322.8121,1991-03-27 17:45:00,1.2500
11046000,33.311111,-117.346389,1993-01-14 18:30:00,1993-01-14 20:45:00,197.3684,1993-01-14 19:45:00,1.2500
11046000,33.311111,-117.346389,1995-01-05 04:45:00,1995-01-05 11:00:00,390.7725,1995-01-05 06:15:00,1.5000
11046000,33.311111,-117.346389,1995-01-11 03:00:00,1995-01-11 11:15:00,424.7527,1995-01-11 05:30:00,2.5000
11046000,33.311111,-117.346389,1995-02-14 17:45:00,1995-02-15 07:45:00,221.4377,1995-02-14 19:15:00,1.5000
11046000,33.311111,-117.346389,1995-03-06 05:15:00,1995-03-06 13:45:00,286.0002,1995-03-06 07:15:00,2.0000
11046000,33.311111,-117.346389,1995-03-11 14:30:00,1995-03-12 01:00:00,331.3071,1995-03-11 17:45:00,3.2500
11046000,33.311111,-117.346389,1998-02-23 03:45:00,1998-02-24 07:45:00,521.0300,1998-02-24 07:45:00,28.0000
11046000,33.311111,-117.346389,2004-10-21 05:30:00,2004-10-21 06:15:00,185.1922,2004-10-21 06:00:00,0.5000
11046000,33.311111,-117.346389,2004-10-27 20:30:00,2004-10-27 23:15:00,246.9229,2004-10-27 22:00:00,1.5000
11046000,33.311111,-117.346389,2005-01-10 00:45:00,2005-01-12 06:15:00,659.7825,2005-01-11 11:30:00,34.7500
11046000,33.311111,-117.346389,2005-02-23 11:45:00,2005-02-23 17:15:00,273.2576,2005-02-23 14:00:00,2.2500
11046000,33.311111,-117.346389,2010-12-21 06:30:00,2010-12-21 07:45:00,239.2774,2010-12-21 07:30:00,1.0000
11133000,34.636111,-120.423611,1992-02-12 19:15:00,1992-02-13 01:00:00,373.7824,1992-02-12 22:15:00,3.0000
11133000,34.636111,-120.423611,1993-02-09 02:00:00,1993-02-09 19:45:00,336.9705,1993-02-09 10:45:00,8.7500
11133000,34.636111,-120.423611,1993-02-19 05:45:00,1993-02-20 20:30:00,393.6042,1993-02-20 02:30:00,20.7500
11133000,34.636111,-120.423611,1993-02-23 20:15:00,1993-02-24 14:00:00,427.5844,1993-02-24 09:00:00,12.7500
11133000,34.636111,-120.423611,1993-03-26 10:45:00,1993-03-27 05:30:00,518.1983,1993-03-26 16:15:00,5.5000
11133000,34.636111,-120.423611,1995-01-26 08:00:00,1995-01-27 07:45:00,353.9606,1995-01-26 14:15:00,6.2500
11133000,34.636111,-120.423611,2000-02-23 16:00:00,2000-02-23 20:45:00,336.9705,2000-02-23 17:00:00,1.0000
11133000,34.636111,-120.423611,2001-03-05 00:45:00,2001-03-07 19:30:00,1197.8026,2001-03-06 12:45:00,36.0000
11133000,34.636111,-120.423611,2004-12-31 13:00:00,2005-01-01 02:45:00,382.2774,2004-12-31 20:30:00,7.5000
11133000,34.636111,-120.423611,2005-01-09 07:00:00,2005-01-12 08:15:00,815.5252,2005-01-11 13:30:00,54.5000
11133000,34.636111,-120.423611,2005-02-20 05:45:00,2005-02-24 00:00:00,676.7726,2005-02-21 21:45:00,40.0000
11133000,34.636111,-120.423611,2006-04-04 22:15:00,2006-04-06 13:45:00,305.8219,2006-04-05 20:45:00,22.5000
11133000,34.636111,-120.423611,2008-01-27 19:15:00,2008-01-27 20:59:00,274.3902,2008-01-27 19:45:00,0.5000
11133000,34.636111,-120.423611,2011-03-20 21:00:00,2011-03-22 01:00:00,761.7232,2011-03-21 14:30:00,17.5000
11140000,34.893889,-120.305556,1995-01-10 17:00:00,1995-01-12 16:45:00,311.4853,1995-01-10 21:15:00,4.2500
11140000,34.893889,-120.305556,1995-01-24 13:30:00,1995-01-27 07:45:00,249.4714,1995-01-25 20:45:00,31.2500
11140000,34.893889,-120.305556,1995-03-06 04:45:00,1995-03-06 13:00:00,136.2040,1995-03-06 08:30:00,3.7500
11140000,34.893889,-120.305556,1995-03-11 06:30:00,1995-03-14 07:45:00,402.0992,1995-03-11 12:30:00,6.0000
11140000,34.893889,-120.305556,1995-03-23 13:15:00,1995-03-24 05:15:00,167.9189,1995-03-23 17:30:00,4.2500
11140000,34.893889,-120.305556,1996-02-20 11:00:00,1996-02-21 16:30:00,209.5447,1996-02-20 14:45:00,3.7500
11140000,34.893889,-120.305556,1998-02-02 16:15:00,1998-02-05 07:45:00,835.3470,1998-02-03 21:45:00,29.5000
11140000,34.893889,-120.305556,1998-02-15 03:00:00,1998-02-15 11:45:00,93.4456,1998-02-15 04:30:00,1.5000
11140000,34.893889,-120.305556,1998-02-22 15:30:00,1998-02-25 07:45:00,617.3073,1998-02-24 02:45:00,35.2500
11140000,34.893889,-120.305556,2001-03-05 11:30:00,2001-03-07 07:45:00,311.4853,2001-03-05 17:45:00,6.2500
11140000,34.893889,-120.305556,2004-12-31 21:15:00,2004-12-31 22:15:00,112.4179,2004-12-31 21:30:00,0.2500
11140000,34.893889,-120.305556,2005-01-09 12:15:00,2005-01-11 18:30:00,262.7803,2005-01-10 04:00:00,15.7500
11140000,34.893889,-120.305556,2005-02-21 14:45:00,2005-02-23 06:45:00,186.0417,2005-02-21 19:15:00,4.5000
11140000,34.893889,-120.305556,2006-01-03 01:00:00,2006-01-03 01:30:00,103.9228,2006-01-03 01:15:00,0.2500
11140000,34.893889,-120.305556,2006-04-04 08:45:00,2006-04-06 09:30:00,180.9446,2006-04-04 18:30:00,9.7500
11140000,34.893889,-120.305556,2008-01-05 10:00:00,2008-01-05 15:15:00,362.4556,2008-01-05 10:15:00,0.2500
11140000,34.893889,-120.305556,2008-01-24 01:15:00,2008-01-24 02:30:00,83.5347,2008-01-24 02:00:00,0.7500
11140000,34.893889,-120.305556,2008-01-27 13:30:00,2008-01-28 17:00:00,210.3942,2008-01-27 16:45:00,3.2500
11140000,34.893889,-120.305556,2010-01-19 00:15:00,2010-01-21 00:30:00,156.0258,2010-01-20 00:30:00,24.2500
11140000,34.893889,-120.305556,2010-01-22 03:00:00,2010-01-22 04:15:00,87.4991,2010-01-22 03:45:00,0.7500
11140000,34.893889,-120.305556,2010-12-19 20:00:00,2010-12-21 01:45:00,266.7447,2010-12-19 20:30:00,0.5000
11140000,34.893889,-120.305556,2010-12-22 20:45:00,2010-12-23 02:15:00,92.3129,2010-12-22 22:00:00,1.2500
11140000,34.893889,-120.305556,2011-03-20 15:30:00,2011-03-22 06:45:00,251.1704,2011-03-20 19:00:00,3.5000
11158600,36.851944,-121.428889,1995-03-11 08:00:00,1995-03-12 11:30:00,317.1487,1995-03-11 16:45:00,8.7500
11158600,36.851944,-121.428889,1997-01-26 22:00:00,1997-01-26 22:30:00,193.9704,1997-01-26 22:15:00,0.2500
11158600,36.851944,-121.428889,1998-02-03 02:45:00,1998-02-04 14:30:00,976.9312,1998-02-03 22:30:00,19.7500
11149900,35.896667,-121.087222,1993-01-14 12:45:00,1993-01-14 18:00:00,370.9507,1993-01-14 16:15:00,3.5000
11149900,35.896667,-121.087222,1995-03-10 07:15:00,1995-03-11 16:45:00,668.2776,1995-03-10 22:15:00,15.0000
11149900,35.896667,-121.087222,1998-02-03 12:30:00,1998-02-04 00:15:00,654.1192,1998-02-03 18:15:00,5.7500
11149900,35.896667,-121.087222,1998-02-08 00:15:00,1998-02-08 09:15:00,555.0102,1998-02-08 04:30:00,4.2500
11149900,35.896667,-121.087222,2011-03-25 09:00:00,2011-03-25 10:30:00,288.8318,2011-03-25 09:30:00,0.5000
11150500,35.930278,-120.867778,1993-01-14 17:15:00,1993-01-15 02:45:00,656.9508,1993-01-14 21:45:00,4.5000
11150500,35.930278,-120.867778,1993-02-23 21:00:00,1993-02-24 03:00:00,444.5745,1993-02-23 23:00:00,2.0000
11150500,35.930278,-120.867778,1995-01-11 04:00:00,1995-01-11 06:00:00,416.2576,1995-01-11 04:45:00,0.7500
11150500,35.930278,-120.867778,1995-01-25 07:45:00,1995-01-25 16:15:00,549.3468,1995-01-25 12:00:00,4.2500
11150500,35.930278,-120.867778,1995-03-10 16:00:00,1995-03-13 08:30:00,3398.0216,1995-03-11 10:30:00,18.5000
11150500,35.930278,-120.867778,1995-03-23 15:30:00,1995-03-24 04:15:00,475.7230,1995-03-23 20:15:00,4.7500
11150500,35.930278,-120.867778,1997-01-03 10:30:00,1997-01-04 03:15:00,436.0794,1997-01-03 15:45:00,5.2500
11150500,35.930278,-120.867778,1997-01-26 08:45:00,1997-01-27 23:45:00,529.5250,1997-01-27 14:15:00,29.5000
11150500,35.930278,-120.867778,1998-02-04 01:00:00,1998-02-04 07:45:00,560.6736,1998-02-04 07:45:00,6.7500
11150500,35.930278,-120.867778,1998-02-07 06:00:00,1998-02-08 07:45:00,569.1686,1998-02-08 07:45:00,25.7500
11150500,35.930278,-120.867778,2001-03-05 23:15:00,2001-03-06 09:00:00,515.3666,2001-03-06 02:00:00,2.7500
11150500,35.930278,-120.867778,2004-12-31 21:15:00,2005-01-01 04:30:00,495.5448,2005-01-01 00:00:00,2.7500
11150500,35.930278,-120.867778,2011-03-21 20:00:00,2011-03-21 21:15:00,404.9309,2011-03-21 21:00:00,1.0000
11150500,35.930278,-120.867778,2011-03-27 18:00:00,2011-03-28 00:15:00,453.0695,2011-03-27 20:30:00,2.5000
11519500,41.640833,-123.013889,1989-03-10 07:30:00,1989-03-10 20:00:00,182.0773,1989-03-10 12:00:00,4.5000
11519500,41.640833,-123.013889,1993-03-17 18:15:00,1993-03-19 03:30:00,210.3942,1993-03-18 05:30:00,11.2500
11519500,41.640833,-123.013889,1993-05-31 23:30:00,1993-06-01 12:45:00,180.3783,1993-06-01 06:15:00,6.7500
11519500,41.640833,-123.013889,1995-01-31 18:15:00,1995-02-03 07:45:00,322.8121,1995-02-01 14:30:00,20.2500
11519500,41.640833,-123.013889,1995-03-10 07:30:00,1995-03-11 17:15:00,166.5031,1995-03-10 10:30:00,3.0000
11519500,41.640833,-123.013889,1995-12-13 03:00:00,1995-12-13 13:15:00,174.9981,1995-12-13 08:45:00,5.7500
11519500,41.640833,-123.013889,1996-12-09 04:00:00,1996-12-11 11:00:00,245.5071,1996-12-10 04:15:00,24.2500
11519500,41.640833,-123.013889,1996-12-30 06:15:00,1997-01-05 12:45:00,971.2678,1997-01-02 01:00:00,66.7500
11519500,41.640833,-123.013889,1998-01-17 08:30:00,1998-01-18 08:15:00,240.6932,1998-01-17 20:15:00,11.7500
11519500,41.640833,-123.013889,1998-03-22 22:15:00,1998-03-25 22:00:00,421.9210,1998-03-24 10:30:00,36.2500
11519500,41.640833,-123.013889,2002-12-16 22:45:00,2002-12-17 04:00:00,167.9189,2002-12-17 01:30:00,2.7500
11519500,41.640833,-123.013889,2002-12-28 07:45:00,2002-12-29 16:30:00,233.6140,2002-12-28 23:45:00,16.0000
11519500,41.640833,-123.013889,2004-02-18 06:00:00,2004-02-18 23:45:00,212.3763,2004-02-18 16:30:00,10.5000
11519500,41.640833,-123.013889,2005-12-23 02:15:00,2005-12-24 01:00:00,215.4912,2005-12-23 14:00:00,11.7500
11519500,41.640833,-123.013889,2005-12-28 07:00:00,2006-01-03 08:15:00,668.2776,2005-12-31 15:45:00,80.7500
11519500,41.640833,-123.013889,2006-02-02 11:45:00,2006-02-03 06:00:00,164.2377,2006-02-02 18:45:00,7.0000
11519500,41.640833,-123.013889,2012-12-03 03:00:00,2012-12-03 10:30:00,166.7862,2012-12-03 06:00:00,3.0000
11519500,41.640833,-123.013889,2015-02-07 02:00:00,2015-02-10 09:45:00,413.4260,2015-02-07 19:00:00,17.0000
11519500,41.640833,-123.013889,2016-01-18 12:15:00,2016-01-18 18:00:00,161.9724,2016-01-18 15:30:00,3.2500
11519500,41.640833,-123.013889,2016-01-30 07:15:00,2016-01-30 12:45:00,160.2734,2016-01-30 09:45:00,2.5000
11519500,41.640833,-123.013889,2016-03-06 20:00:00,2016-03-07 07:00:00,178.3961,2016-03-07 03:00:00,7.0000
11109000,34.403611,-118.738333,2004-12-28 17:15:00,2004-12-29 12:30:00,322.8121,2004-12-28 18:15:00,1.0000
11109000,34.403611,-118.738333,2005-01-09 18:45:00,2005-01-11 09:30:00,906.1391,2005-01-10 15:45:00,21.0000
11109000,34.403611,-118.738333,2005-02-21 03:15:00,2005-02-23 07:45:00,594.6538,2005-02-21 12:45:00,9.5000
11109000,34.403611,-118.738333,2005-03-23 03:30:00,2005-03-23 05:15:00,227.3843,2005-03-23 04:30:00,1.0000
11109000,34.403611,-118.738333,2006-01-02 19:45:00,2006-01-02 21:45:00,353.9606,2006-01-02 20:30:00,0.7500
11109000,34.403611,-118.738333,2011-03-21 02:30:00,2011-03-21 06:45:00,237.2952,2011-03-21 05:45:00,3.2500
11478500,40.480556,-123.889722,1988-11-23 03:00:00,1988-11-23 08:15:00,682.4360,1988-11-23 04:30:00,1.5000
11478500,40.480556,-123.889722,1995-01-09 07:30:00,1995-01-10 04:30:00,1237.4462,1995-01-09 14:00:00,6.5000
11478500,40.480556,-123.889722,1995-03-09 14:00:00,1995-03-10 01:45:00,920.2975,1995-03-09 19:30:00,5.5000
11478500,40.480556,-123.889722,1995-03-14 17:15:00,1995-03-15 02:00:00,761.7232,1995-03-14 22:45:00,5.5000
11478500,40.480556,-123.889722,1995-12-12 12:00:00,1995-12-12 22:45:00,1033.5649,1995-12-12 15:30:00,3.5000
11478500,40.480556,-123.889722,1996-12-31 01:00:00,1997-01-02 03:15:00,1050.5550,1996-12-31 05:15:00,4.2500
11478500,40.480556,-123.889722,2002-12-16 06:45:00,2002-12-16 17:30:00,920.2975,2002-12-16 12:00:00,5.2500
11478500,40.480556,-123.889722,2002-12-27 23:15:00,2002-12-28 14:15:00,756.0598,2002-12-28 07:00:00,7.7500
11478500,40.480556,-123.889722,2004-02-17 13:30:00,2004-02-18 04:00:00,736.2380,2004-02-17 21:30:00,8.0000
11478500,40.480556,-123.889722,2005-12-28 13:00:00,2005-12-29 00:15:00,874.9906,2005-12-28 18:00:00,5.0000
11478500,40.480556,-123.889722,2005-12-31 01:00:00,2005-12-31 10:00:00,781.5450,2005-12-31 04:30:00,3.5000
11478500,40.480556,-123.889722,2012-12-02 11:45:00,2012-12-02 21:00:00,903.3074,2012-12-02 15:00:00,3.2500
11478500,40.480556,-123.889722,2015-02-06 22:30:00,2015-02-07 00:45:00,673.9409,2015-02-06 23:00:00,0.5000
11478500,40.480556,-123.889722,2016-01-17 21:45:00,2016-01-18 07:00:00,928.7926,2016-01-18 01:30:00,3.7500
11520500,41.853889,-123.231111,1995-02-01 09:30:00,1995-02-02 16:30:00,761.7232,1995-02-02 02:00:00,16.5000
11520500,41.853889,-123.231111,1996-02-07 15:45:00,1996-02-10 22:15:00,702.2578,1996-02-09 17:00:00,49.2500
11520500,41.853889,-123.231111,1996-12-09 16:15:00,1996-12-10 11:30:00,656.9508,1996-12-09 18:45:00,2.5000
11520500,41.853889,-123.231111,1996-12-31 04:00:00,1997-01-07 00:15:00,3313.0711,1997-01-02 04:45:00,48.7500
11520500,41.853889,-123.231111,1998-01-17 10:30:00,1998-01-18 01:15:00,775.8816,1998-01-17 15:45:00,5.2500
11520500,41.853889,-123.231111,1998-03-23 05:45:00,1998-03-26 06:00:00,1104.3570,1998-03-24 11:30:00,29.7500
11520500,41.853889,-123.231111,2005-12-28 14:45:00,2006-01-04 05:15:00,2095.4466,2005-12-31 12:15:00,69.5000
11520500,41.853889,-123.231111,2015-02-07 08:30:00,2015-02-08 14:00:00,1022.2382,2015-02-07 23:15:00,14.7500
11481000,40.910000,-124.059444,1995-12-12 18:00:00,1995-12-12 23:30:00,563.5052,1995-12-12 19:30:00,1.5000
11481000,40.910000,-124.059444,1995-12-30 02:45:00,1995-12-31 08:30:00,1548.9315,1995-12-30 11:15:00,8.5000
11481000,40.910000,-124.059444,1996-01-24 15:45:00,1996-01-24 19:15:00,470.0597,1996-01-24 17:15:00,1.5000
11481000,40.910000,-124.059444,1996-01-27 23:45:00,1996-01-28 12:15:00,588.9904,1996-01-28 04:45:00,5.0000
11481000,40.910000,-124.059444,1996-12-05 06:00:00,1996-12-05 17:45:00,843.8420,1996-12-05 10:15:00,4.2500
11481000,40.910000,-124.059444,1996-12-09 02:00:00,1996-12-10 16:30:00,835.3470,1996-12-09 19:15:00,17.2500
11481000,40.910000,-124.059444,1996-12-30 01:30:00,1997-01-04 00:15:00,1469.6443,1997-01-01 18:00:00,64.5000
11481000,40.910000,-124.059444,1997-01-26 16:15:00,1997-01-27 00:30:00,521.0300,1997-01-26 19:45:00,3.5000
11481000,40.910000,-124.059444,1998-01-19 03:30:00,1998-01-19 13:45:00,487.0498,1998-01-19 06:00:00,2.5000
11481000,40.910000,-124.059444,1998-03-23 06:00:00,1998-03-24 08:00:00,642.7924,1998-03-23 23:45:00,17.7500
11481000,40.910000,-124.059444,1998-12-03 06:30:00,1998-12-03 09:45:00,467.2280,1998-12-03 09:30:00,3.0000
11481000,40.910000,-124.059444,2000-01-11 15:30:00,2000-01-11 19:30:00,509.7032,2000-01-11 17:30:00,2.0000
11481000,40.910000,-124.059444,2000-02-14 16:45:00,2000-02-15 11:45:00,696.5944,2000-02-15 01:00:00,8.2500
11481000,40.910000,-124.059444,2001-12-06 02:45:00,2001-12-06 16:00:00,676.7726,2001-12-06 08:30:00,5.7500
11481000,40.910000,-124.059444,2002-02-20 17:15:00,2002-02-20 19:00:00,470.0597,2002-02-20 19:00:00,1.7500
11481000,40.910000,-124.059444,2002-12-16 11:45:00,2002-12-17 05:30:00,679.6043,2002-12-16 16:00:00,4.2500
11481000,40.910000,-124.059444,2002-12-28 00:00:00,2002-12-29 19:00:00,1296.9116,2002-12-28 10:15:00,10.2500
11481000,40.910000,-124.059444,2002-12-31 11:00:00,2003-01-01 07:15:00,642.7924,2002-12-31 23:15:00,12.2500
11481000,40.910000,-124.059444,2003-12-13 09:15:00,2003-12-13 17:45:00,563.5052,2003-12-13 13:15:00,4.0000
11481000,40.910000,-124.059444,2004-02-17 12:45:00,2004-02-19 08:45:00,832.5153,2004-02-18 03:30:00,14.7500
11481000,40.910000,-124.059444,2005-12-01 21:30:00,2005-12-02 07:45:00,656.9508,2005-12-02 02:45:00,5.2500
11481000,40.910000,-124.059444,2005-12-23 04:00:00,2005-12-23 10:15:00,484.2181,2005-12-23 07:30:00,3.5000
11481000,40.910000,-124.059444,2005-12-28 14:45:00,2006-01-02 04:30:00,1345.0502,2005-12-31 07:00:00,64.2500
11481000,40.910000,-124.059444,2006-02-02 06:30:00,2006-02-03 10:15:00,787.2083,2006-02-02 17:30:00,11.0000
11481000,40.910000,-124.059444,2008-01-04 21:00:00,2008-01-05 05:30:00,642.7924,2008-01-05 00:30:00,3.5000
11481000,40.910000,-124.059444,2008-02-01 00:45:00,2008-02-01 03:15:00,467.2280,2008-02-01 01:45:00,1.0000
11481000,40.910000,-124.059444,2010-12-29 08:00:00,2010-12-30 02:30:00,869.3272,2010-12-29 13:45:00,5.7500
11481000,40.910000,-124.059444,2012-01-21 09:30:00,2012-01-21 19:00:00,529.5250,2012-01-21 13:45:00,4.2500
11481000,40.910000,-124.059444,2012-03-30 13:30:00,2012-03-31 22:15:00,594.6538,2012-03-30 21:00:00,7.5000
11481000,40.910000,-124.059444,2012-12-02 14:00:00,2012-12-03 04:15:00,1203.4660,2012-12-02 19:45:00,5.7500
11481000,40.910000,-124.059444,2014-12-21 06:30:00,2014-12-22 06:15:00,557.8419,2014-12-21 22:45:00,16.2500
11481000,40.910000,-124.059444,2015-02-07 01:00:00,2015-02-07 22:45:00,574.8320,2015-02-07 15:30:00,14.5000
11481000,40.910000,-124.059444,2015-12-22 00:00:00,2015-12-22 22:00:00,724.9113,2015-12-22 04:15:00,4.2500
11481000,40.910000,-124.059444,2016-01-17 22:00:00,2016-01-19 02:15:00,1220.4561,2016-01-18 05:30:00,7.5000
11481000,40.910000,-124.059444,2016-01-29 21:15:00,2016-01-30 05:30:00,557.8419,2016-01-30 01:15:00,4.0000
11481000,40.910000,-124.059444,2016-03-06 10:15:00,2016-03-06 15:15:00,518.1983,2016-03-06 12:30:00,2.2500
11481000,40.910000,-124.059444,2016-03-14 00:45:00,2016-03-15 05:00:00,671.1093,2016-03-14 09:00:00,8.2500
11118500,34.352222,-119.307500,1992-02-12 16:00:00,1992-02-12 20:00:00,1296.9116,1992-02-12 17:30:00,1.5000
11118500,34.352222,-119.307500,1995-01-10 12:45:00,1995-01-10 22:30:00,1237.4462,1995-01-10 18:15:00,5.5000
11118500,34.352222,-119.307500,1995-03-11 04:45:00,1995-03-11 13:00:00,1044.8916,1995-03-11 06:15:00,1.5000
11118500,34.352222,-119.307500,1998-02-22 11:45:00,1998-02-22 12:00:00,365.2873,1998-02-22 12:00:00,0.2500
11118500,34.352222,-119.307500,1998-02-23 12:45:00,1998-02-24 07:45:00,1098.6936,1998-02-23 22:00:00,9.2500
11118500,34.352222,-119.307500,2001-03-05 12:45:00,2001-03-06 14:45:00,540.8518,2001-03-06 10:30:00,21.7500
11118500,34.352222,-119.307500,2004-12-31 16:00:00,2004-12-31 18:30:00,583.3270,2004-12-31 17:00:00,1.0000
11118500,34.352222,-119.307500,2005-01-09 05:15:00,2005-01-11 00:15:00,1160.9907,2005-01-10 16:00:00,34.7500
11118500,34.352222,-119.307500,2005-02-21 11:15:00,2005-02-21 20:15:00,532.3567,2005-02-21 15:30:00,4.2500
11118500,34.352222,-119.307500,2011-03-20 21:15:00,2011-03-21 01:30:00,540.8518,2011-03-20 23:45:00,2.5000
11113000,34.441667,-118.926389,1992-02-12 18:00:00,1992-02-12 19:30:00,1245.9413,1992-02-12 19:00:00,1.0000
11113000,34.441667,-118.926389,1995-01-10 15:00:00,1995-01-11 00:00:00,1840.5950,1995-01-10 16:00:00,1.0000
11113000,34.441667,-118.926389,1998-02-03 17:15:00,1998-02-03 18:45:00,1769.8029,1998-02-03 18:00:00,0.7500
11113000,34.441667,-118.926389,2006-04-04 14:45:00,2006-04-04 16:30:00,1262.9314,2006-04-04 15:30:00,0.7500
11462500,39.026667,-123.129444,1993-01-01 01:30:00,1993-01-01 14:30:00,529.5250,1993-01-01 08:45:00,7.2500
11462500,39.026667,-123.129444,1993-01-20 21:30:00,1993-01-21 10:00:00,801.3668,1993-01-21 04:45:00,7.2500
11462500,39.026667,-123.129444,1995-01-08 15:45:00,1995-01-10 09:15:00,781.5450,1995-01-09 14:00:00,22.2500
11462500,39.026667,-123.129444,1995-01-14 00:30:00,1995-01-14 10:45:00,441.7428,1995-01-14 05:00:00,4.5000
11462500,39.026667,-123.129444,1995-03-09 13:00:00,1995-03-10 02:15:00,506.8716,1995-03-09 19:30:00,6.5000
11462500,39.026667,-123.129444,1996-01-25 04:45:00,1996-01-25 14:15:00,467.2280,1996-01-25 10:45:00,6.0000
11462500,39.026667,-123.129444,1996-12-31 08:30:00,1997-01-02 12:45:00,566.3369,1996-12-31 15:00:00,6.5000
11462500,39.026667,-123.129444,1997-01-25 17:45:00,1997-01-25 23:45:00,390.7725,1997-01-25 21:30:00,3.7500
11462500,39.026667,-123.129444,1998-02-03 07:15:00,1998-02-03 14:00:00,413.4260,1998-02-03 10:00:00,2.7500
11462500,39.026667,-123.129444,1998-02-06 01:15:00,1998-02-08 06:30:00,450.2379,1998-02-06 22:45:00,21.5000
11462500,39.026667,-123.129444,1998-02-19 21:00:00,1998-02-20 03:00:00,399.2675,1998-02-20 00:30:00,3.5000
11462500,39.026667,-123.129444,1998-02-21 19:00:00,1998-02-22 00:30:00,399.2675,1998-02-21 21:30:00,2.5000
11462500,39.026667,-123.129444,2002-12-15 03:15:00,2002-12-15 06:00:00,382.2774,2002-12-15 05:00:00,1.7500
11462500,39.026667,-123.129444,2002-12-16 10:00:00,2002-12-16 19:45:00,467.2280,2002-12-16 15:00:00,5.0000
11462500,39.026667,-123.129444,2002-12-31 12:00:00,2002-12-31 16:45:00,410.5943,2002-12-31 14:15:00,2.2500
11462500,39.026667,-123.129444,2003-12-29 20:15:00,2003-12-30 01:00:00,399.2675,2003-12-29 22:45:00,2.5000
11462500,39.026667,-123.129444,2004-02-17 17:00:00,2004-02-18 11:00:00,560.6736,2004-02-18 02:15:00,9.2500
11462500,39.026667,-123.129444,2005-12-19 21:00:00,2005-12-19 23:15:00,376.6141,2005-12-19 22:00:00,1.0000
11462500,39.026667,-123.129444,2005-12-23 02:30:00,2005-12-23 04:30:00,376.6141,2005-12-23 03:15:00,0.7500
11462500,39.026667,-123.129444,2005-12-28 07:45:00,2005-12-29 05:45:00,546.5151,2005-12-29 00:00:00,16.2500
11462500,39.026667,-123.129444,2005-12-31 00:45:00,2006-01-01 12:00:00,1008.0797,2005-12-31 15:00:00,14.2500
11462500,39.026667,-123.129444,2008-01-04 19:45:00,2008-01-05 04:45:00,424.7527,2008-01-05 02:00:00,6.2500
11462500,39.026667,-123.129444,2010-01-20 20:45:00,2010-01-21 04:00:00,413.4260,2010-01-21 00:45:00,4.0000
11462500,39.026667,-123.129444,2010-01-26 03:00:00,2010-01-26 13:15:00,404.9309,2010-01-26 09:15:00,6.2500
11462500,39.026667,-123.129444,2012-12-02 19:45:00,2012-12-03 03:30:00,424.7527,2012-12-03 01:15:00,5.5000
11462500,39.026667,-123.129444,2014-12-11 16:30:00,2014-12-12 05:45:00,436.0794,2014-12-12 01:30:00,9.0000
11152500,36.631111,-121.671389,1993-02-25 04:30:00,1993-02-25 15:15:00,348.2972,1993-02-25 08:30:00,4.0000
11152500,36.631111,-121.671389,1995-01-26 21:00:00,1995-01-27 11:00:00,353.9606,1995-01-27 03:30:00,6.5000
11152500,36.631111,-121.671389,1995-03-11 05:45:00,1995-03-12 07:45:00,942.9510,1995-03-12 07:30:00,25.7500
11152500,36.631111,-121.671389,1995-03-24 08:00:00,1995-03-25 09:00:00,515.3666,1995-03-24 18:45:00,10.7500
11152500,36.631111,-121.671389,1997-01-03 17:15:00,1997-01-05 12:00:00,478.5547,1997-01-04 22:45:00,29.5000
11152500,36.631111,-121.671389,1997-01-27 02:30:00,1997-01-29 13:30:00,583.3270,1997-01-27 20:30:00,18.0000
11152500,36.631111,-121.671389,1998-02-03 18:30:00,1998-02-05 21:30:00,982.5946,1998-02-04 09:15:00,14.7500
11152500,36.631111,-121.671389,1998-02-07 00:30:00,1998-02-08 07:45:00,889.1490,1998-02-08 07:45:00,31.2500
11152500,36.631111,-121.671389,2001-03-07 09:00:00,2001-03-08 01:30:00,455.9012,2001-03-07 14:45:00,5.7500
11152500,36.631111,-121.671389,2006-04-08 19:15:00,2006-04-09 06:30:00,334.1388,2006-04-09 03:00:00,7.7500
11152500,36.631111,-121.671389,2011-03-26 15:30:00,2011-03-27 06:45:00,348.2972,2011-03-26 21:30:00,6.0000
11464000,38.613333,-122.835278,1995-01-08 21:00:00,1995-01-10 18:30:00,2067.1298,1995-01-09 14:00:00,17.0000
11464000,38.613333,-122.835278,1995-03-09 15:15:00,1995-03-10 08:00:00,1656.5355,1995-03-09 19:45:00,4.5000
11464000,38.613333,-122.835278,1996-12-31 15:15:00,1997-01-02 07:45:00,1860.4168,1997-01-01 17:45:00,26.5000
11464000,38.613333,-122.835278,2004-02-18 04:30:00,2004-02-18 12:45:00,1373.3671,2004-02-18 08:00:00,3.5000
11464000,38.613333,-122.835278,2005-12-31 12:30:00,2006-01-01 14:45:00,1667.8623,2006-01-01 07:30:00,19.0000
11377100,40.288611,-122.185556,1993-01-21 00:00:00,1993-01-21 11:00:00,3029.9026,1993-01-21 05:00:00,5.0000
11377100,40.288611,-122.185556,1993-03-24 12:00:00,1993-03-24 23:45:00,3256.4374,1993-03-24 17:00:00,5.0000
11377100,40.288611,-122.185556,1995-01-09 03:45:00,1995-01-10 18:15:00,2973.2689,1995-01-09 20:15:00,16.5000
11377100,40.288611,-122.185556,1995-01-13 23:15:00,1995-01-14 13:30:00,2571.1697,1995-01-14 05:30:00,6.2500
11377100,40.288611,-122.185556,1995-03-09 19:15:00,1995-03-24 11:45:00,3596.2395,1995-03-15 11:00:00,135.7500
11377100,40.288611,-122.185556,1996-12-31 01:45:00,1997-01-06 11:00:00,3426.3384,1997-01-01 18:15:00,40.5000
11377100,40.288611,-122.185556,1997-01-25 18:00:00,1997-01-26 16:30:00,2129.4269,1997-01-26 15:30:00,21.5000
11377100,40.288611,-122.185556,1998-01-27 05:45:00,1998-01-27 14:30:00,2355.9616,1998-01-27 10:15:00,4.5000
11377100,40.288611,-122.185556,1998-02-03 09:15:00,1998-02-04 07:45:00,2690.1004,1998-02-03 12:45:00,3.5000
11377100,40.288611,-122.185556,1998-02-06 23:45:00,1998-02-11 17:00:00,2729.7440,1998-02-08 06:45:00,31.0000
11377100,40.288611,-122.185556,1998-02-13 02:00:00,1998-02-15 10:00:00,2792.0411,1998-02-15 00:30:00,46.5000
11377100,40.288611,-122.185556,1998-02-17 07:15:00,1998-02-17 07:45:00,2086.9516,1998-02-17 07:30:00,0.2500
11377100,40.288611,-122.185556,1998-02-20 05:00:00,1998-02-20 08:00:00,2132.2585,1998-02-20 06:00:00,1.0000
11377100,40.288611,-122.185556,1998-02-22 00:15:00,1998-02-24 06:30:00,2208.7140,1998-02-22 01:30:00,1.2500
11377100,40.288611,-122.185556,1998-03-22 21:00:00,1998-03-23 02:45:00,2211.5457,1998-03-22 23:45:00,2.7500
11377100,40.288611,-122.185556,2000-02-14 00:00:00,2000-02-14 02:30:00,2106.7734,2000-02-14 00:45:00,0.7500
11377100,40.288611,-122.185556,2000-03-05 12:00:00,2000-03-05 21:45:00,2177.5655,2000-03-05 14:45:00,2.7500
11377100,40.288611,-122.185556,2002-12-31 16:00:00,2002-12-31 23:15:00,2440.9122,2002-12-31 19:15:00,3.2500
11377100,40.288611,-122.185556,2004-02-17 11:00:00,2004-02-18 15:30:00,2188.8922,2004-02-18 11:00:00,24.0000
11377100,40.288611,-122.185556,2004-02-25 20:30:00,2004-02-26 07:00:00,2627.8034,2004-02-26 02:00:00,5.5000
11377100,40.288611,-122.185556,2004-03-01 22:00:00,2004-03-02 14:15:00,2200.2190,2004-03-02 01:30:00,3.5000
11377100,40.288611,-122.185556,2005-05-19 10:00:00,2005-05-19 14:45:00,2157.7437,2005-05-19 12:00:00,2.0000
11377100,40.288611,-122.185556,2005-12-28 14:45:00,2005-12-29 08:45:00,2684.4371,2005-12-29 01:15:00,10.5000
11377100,40.288611,-122.185556,2005-12-31 04:45:00,2005-12-31 22:00:00,3341.3879,2005-12-31 12:00:00,7.2500
11377100,40.288611,-122.185556,2006-01-02 04:30:00,2006-01-02 17:30:00,2387.1102,2006-01-02 08:45:00,4.2500
11377100,40.288611,-122.185556,2006-01-04 10:15:00,2006-01-04 20:30:00,2231.3675,2006-01-04 14:30:00,4.2500
11377100,40.288611,-122.185556,2006-01-15 01:45:00,2006-01-15 04:45:00,2120.9318,2006-01-15 03:30:00,1.7500
11377100,40.288611,-122.185556,2006-03-06 12:00:00,2006-03-06 21:30:00,2336.1398,2006-03-06 17:30:00,5.5000
11377100,40.288611,-122.185556,2006-04-12 18:15:00,2006-04-13 06:00:00,2276.6745,2006-04-13 00:45:00,6.5000
11377100,40.288611,-122.185556,2011-03-20 15:00:00,2011-03-21 04:45:00,2755.2292,2011-03-20 21:15:00,6.2500
11377100,40.288611,-122.185556,2014-12-11 20:15:00,2014-12-12 09:15:00,3001.5857,2014-12-12 03:00:00,6.7500
11458000,38.368333,-122.302222,1981-12-19 16:14:09,1981-12-20 23:43:36,506.8716,1981-12-20 16:43:42,24.4925
11458000,38.368333,-122.302222,1983-01-27 02:45:00,1983-01-27 19:45:00,470.0597,1983-01-27 13:45:00,11.0000
11458000,38.368333,-122.302222,1983-03-01 07:15:00,1983-03-02 00:30:00,489.8814,1983-03-01 17:45:00,10.5000
11458000,38.368333,-122.302222,1983-03-13 12:00:00,1983-03-14 02:45:00,421.9210,1983-03-13 22:30:00,10.5000
11458000,38.368333,-122.302222,1983-12-25 22:15:00,1983-12-26 09:00:00,345.4655,1983-12-26 05:30:00,7.2500
11458000,38.368333,-122.302222,1993-01-20 23:00:00,1993-01-21 15:45:00,368.1190,1993-01-21 02:30:00,3.5000
11458000,38.368333,-122.302222,1995-01-08 22:45:00,1995-01-11 03:00:00,580.4954,1995-01-10 05:00:00,30.2500
11458000,38.368333,-122.302222,1995-01-14 08:15:00,1995-01-15 01:30:00,399.2675,1995-01-14 16:30:00,8.2500
11458000,38.368333,-122.302222,1995-03-09 13:15:00,1995-03-11 12:45:00,923.1292,1995-03-10 01:45:00,12.5000
11458000,38.368333,-122.302222,1996-02-04 22:15:00,1996-02-05 09:15:00,331.3071,1996-02-05 06:15:00,8.0000
11458000,38.368333,-122.302222,1997-01-01 12:45:00,1997-01-02 12:00:00,526.6933,1997-01-02 01:00:00,12.2500
11458000,38.368333,-122.302222,1997-01-23 07:45:00,1997-01-23 15:45:00,359.6240,1997-01-23 13:00:00,5.2500
11458000,38.368333,-122.302222,1998-02-03 07:00:00,1998-02-04 03:15:00,560.6736,1998-02-03 16:30:00,9.5000
11458000,38.368333,-122.302222,1998-02-07 02:45:00,1998-02-08 07:45:00,311.4853,1998-02-08 04:15:00,25.5000
11458000,38.368333,-122.302222,2002-12-16 11:00:00,2002-12-17 01:00:00,540.8518,2002-12-16 14:45:00,3.7500
11458000,38.368333,-122.302222,2003-12-30 01:15:00,2003-12-30 09:30:00,314.3170,2003-12-30 05:30:00,4.2500
11458000,38.368333,-122.302222,2004-02-18 07:45:00,2004-02-18 17:00:00,345.4655,2004-02-18 12:00:00,4.2500
11458000,38.368333,-122.302222,2005-12-31 07:30:00,2006-01-02 11:15:00,838.1787,2005-12-31 19:30:00,12.0000
11458000,38.368333,-122.302222,2011-03-20 16:00:00,2011-03-21 00:30:00,334.1388,2011-03-20 19:30:00,3.5000
11458000,38.368333,-122.302222,2012-12-23 23:00:00,2012-12-24 13:00:00,370.9507,2012-12-24 08:00:00,9.0000
11147500,35.628611,-120.683333,1992-02-15 15:15:00,1992-02-15 18:30:00,274.1071,1992-02-15 16:30:00,1.2500
11147500,35.628611,-120.683333,1993-01-14 08:15:00,1993-01-14 18:00:00,421.9210,1993-01-14 12:15:00,4.0000
11147500,35.628611,-120.683333,1993-02-23 16:00:00,1993-02-23 19:15:00,226.8179,1993-02-23 17:00:00,1.0000
11147500,35.628611,-120.683333,1995-01-10 14:30:00,1995-01-11 00:15:00,421.9210,1995-01-10 17:45:00,3.2500
11147500,35.628611,-120.683333,1995-01-24 23:30:00,1995-01-25 08:00:00,342.6338,1995-01-25 02:00:00,2.5000
11147500,35.628611,-120.683333,1995-03-10 10:00:00,1995-03-12 09:45:00,804.1984,1995-03-11 05:15:00,19.2500
11147500,35.628611,-120.683333,1995-03-23 07:15:00,1995-03-23 17:00:00,302.9903,1995-03-23 09:30:00,2.2500
11147500,35.628611,-120.683333,1996-12-11 00:45:00,1996-12-11 03:15:00,236.7288,1996-12-11 01:45:00,1.0000
11147500,35.628611,-120.683333,1997-01-02 06:30:00,1997-01-03 11:45:00,276.3724,1997-01-02 09:00:00,2.5000
11147500,35.628611,-120.683333,1998-02-03 18:30:00,1998-02-04 00:30:00,268.4437,1998-02-03 20:00:00,1.5000
11147500,35.628611,-120.683333,1998-02-08 01:15:00,1998-02-08 10:30:00,348.2972,1998-02-08 04:15:00,3.0000
11147500,35.628611,-120.683333,2001-03-05 14:30:00,2001-03-05 23:00:00,305.8219,2001-03-05 18:30:00,4.0000
11147500,35.628611,-120.683333,2004-12-31 08:00:00,2004-12-31 22:45:00,492.7131,2004-12-31 15:45:00,7.7500
11147500,35.628611,-120.683333,2005-01-11 13:00:00,2005-01-11 15:15:00,229.9328,2005-01-11 14:45:00,1.7500
11147500,35.628611,-120.683333,2006-04-05 18:00:00,2006-04-05 20:30:00,223.9863,2006-04-05 19:15:00,1.2500
11147500,35.628611,-120.683333,2011-03-20 17:30:00,2011-03-21 00:45:00,286.0002,2011-03-20 20:45:00,3.2500
11303500,37.676111,-121.265278,1995-03-18 20:15:00,1995-03-23 10:55:00,739.0697,1995-03-20 04:30:00,32.2500
11303500,37.676111,-121.265278,1995-03-28 09:15:00,1995-04-05 18:00:00,719.2479,1995-03-30 14:00:00,52.7500
11303500,37.676111,-121.265278,1997-01-03 04:29:15,1997-01-05 07:59:15,1769.8029,1997-01-05 07:59:15,51.5000
11303500,37.676111,-121.265278,1997-01-07 08:00:00,1997-03-07 15:45:00,1260.0997,1997-01-07 08:14:15,0.2375
11303500,37.676111,-121.265278,1998-02-07 17:45:00,1998-03-08 02:00:00,996.7530,1998-02-13 09:45:00,136.0000
11303500,37.676111,-121.265278,1998-03-31 03:15:00,1998-04-02 03:00:00,645.6241,1998-03-31 16:45:00,13.5000
11303500,37.676111,-121.265278,1998-04-10 00:30:00,1998-04-22 07:00:00,707.9212,1998-04-16 14:45:00,158.2500
11303500,37.676111,-121.265278,2006-04-08 13:30:00,2006-05-30 19:45:00,985.4263,2006-04-13 16:00:00,122.5000
11303500,37.676111,-121.265278,2011-03-28 17:15:00,2011-04-25 02:45:00,874.9906,2011-04-01 15:00:00,93.7500
11159000,36.900278,-121.596667,1996-02-20 11:00:00,1996-02-22 18:15:00,238.7110,1996-02-21 00:00:00,13.0000
11159000,36.900278,-121.596667,1997-01-02 03:00:00,1997-01-05 05:30:00,447.4062,1997-01-03 13:00:00,34.0000
11159000,36.900278,-121.596667,1997-01-23 17:30:00,1997-01-24 02:15:00,212.0932,1997-01-23 22:00:00,4.5000
11159000,36.900278,-121.596667,1997-01-26 01:45:00,1997-01-28 12:15:00,331.3071,1997-01-27 02:15:00,24.5000
11159000,36.900278,-121.596667,1998-02-03 06:00:00,1998-02-11 01:00:00,710.7528,1998-02-03 20:30:00,14.5000
11159000,36.900278,-121.596667,1998-02-15 06:30:00,1998-02-15 11:15:00,227.1011,1998-02-15 09:45:00,3.2500
11159000,36.900278,-121.596667,1998-02-22 04:15:00,1998-02-25 01:00:00,286.0002,1998-02-22 11:00:00,6.7500
11532500,41.791667,-124.075000,1988-11-22 18:44:57,1988-11-23 08:14:03,3143.1700,1988-11-23 03:14:24,8.4908
11532500,41.791667,-124.075000,1990-01-08 02:00:00,1990-01-08 15:00:00,3199.8037,1990-01-08 09:45:00,7.7500
11532500,41.791667,-124.075000,1993-01-20 17:15:00,1993-01-20 20:15:00,2163.4071,1993-01-20 19:00:00,1.7500
11532500,41.791667,-124.075000,1995-01-09 17:15:00,1995-01-09 23:30:00,2304.9913,1995-01-09 20:00:00,2.7500
11532500,41.791667,-124.075000,1996-11-18 22:15:00,1996-11-19 07:45:00,3567.9227,1996-11-19 02:15:00,4.0000
11532500,41.791667,-124.075000,1996-12-05 04:15:00,1996-12-05 06:00:00,2092.6150,1996-12-05 05:00:00,0.7500
11532500,41.791667,-124.075000,1996-12-08 03:15:00,1996-12-08 23:15:00,2500.3776,1996-12-08 10:00:00,6.7500
11532500,41.791667,-124.075000,1996-12-31 05:45:00,1996-12-31 08:00:00,2112.4368,1996-12-31 06:30:00,0.7500
11532500,41.791667,-124.075000,1997-01-01 09:15:00,1997-01-02 06:30:00,3199.8037,1997-01-01 12:45:00,3.5000
11532500,41.791667,-124.075000,1998-01-17 05:15:00,1998-01-17 14:00:00,2639.1301,1998-01-17 10:15:00,5.0000
11532500,41.791667,-124.075000,1998-11-21 11:00:00,1998-11-22 02:15:00,4049.3091,1998-11-21 19:30:00,8.5000
11532500,41.791667,-124.075000,2000-01-11 07:00:00,2000-01-11 12:15:00,2330.4765,2000-01-11 09:15:00,2.2500
11532500,41.791667,-124.075000,2003-12-13 15:45:00,2003-12-13 21:00:00,2293.6646,2003-12-13 18:30:00,2.7500
11532500,41.791667,-124.075000,2004-12-08 15:45:00,2004-12-09 20:00:00,2452.2389,2004-12-09 16:00:00,24.2500
11532500,41.791667,-124.075000,2005-12-01 17:45:00,2005-12-01 23:15:00,2743.9024,2005-12-01 20:00:00,2.2500
11532500,41.791667,-124.075000,2005-12-28 18:30:00,2005-12-28 22:30:00,2160.5754,2005-12-28 20:30:00,2.0000
11532500,41.791667,-124.075000,2005-12-30 19:45:00,2005-12-31 07:45:00,3426.3384,2005-12-31 00:45:00,5.0000
11532500,41.791667,-124.075000,2006-01-11 06:45:00,2006-01-11 10:45:00,2276.6745,2006-01-11 08:45:00,2.0000
11532500,41.791667,-124.075000,2008-12-28 13:30:00,2008-12-30 00:30:00,2916.6352,2008-12-29 19:45:00,30.2500
11532500,41.791667,-124.075000,2012-01-19 16:30:00,2012-01-20 03:15:00,2633.4667,2012-01-19 21:30:00,5.0000
11532500,41.791667,-124.075000,2012-03-30 13:30:00,2012-03-31 01:15:00,2367.2884,2012-03-30 18:45:00,5.2500
11532500,41.791667,-124.075000,2012-12-02 13:15:00,2012-12-02 17:00:00,2205.8824,2012-12-02 14:15:00,1.0000
11532500,41.791667,-124.075000,2014-02-14 20:15:00,2014-02-14 22:45:00,2103.9417,2014-02-14 21:30:00,1.2500
11532500,41.791667,-124.075000,2015-12-13 09:15:00,2015-12-13 18:00:00,3228.1205,2015-12-13 12:15:00,3.0000
11482500,41.299444,-124.050000,1995-12-30 13:15:00,1995-12-30 16:00:00,900.4757,1995-12-30 14:30:00,1.2500
11482500,41.299444,-124.050000,1997-01-01 18:30:00,1997-01-02 08:00:00,1141.1689,1997-01-02 03:00:00,8.5000
11476500,40.181944,-123.775000,1993-01-20 17:00:00,1993-01-21 09:45:00,2599.4865,1993-01-21 00:45:00,7.7500
11476500,40.181944,-123.775000,1995-01-14 02:15:00,1995-01-14 12:15:00,1860.4168,1995-01-14 06:30:00,4.2500
11476500,40.181944,-123.775000,1997-01-01 08:00:00,1997-01-02 13:45:00,2673.1103,1997-01-01 14:30:00,6.5000
11476500,40.181944,-123.775000,2005-12-28 12:45:00,2005-12-29 05:15:00,2503.2092,2005-12-28 20:30:00,7.7500
11476500,40.181944,-123.775000,2005-12-31 03:15:00,2005-12-31 17:45:00,2338.9715,2005-12-31 09:00:00,5.7500
11530500,41.511111,-123.978333,1988-11-23 07:30:54,1988-11-23 18:45:27,4360.7944,1988-11-23 11:45:45,4.2475
11530500,41.511111,-123.978333,1993-01-21 06:15:00,1993-01-21 19:30:00,4643.9628,1993-01-21 11:30:00,5.2500
11530500,41.511111,-123.978333,1993-03-18 07:45:00,1993-03-19 01:30:00,4190.8933,1993-03-18 13:30:00,5.7500
11530500,41.511111,-123.978333,1995-01-09 19:15:00,1995-01-12 20:30:00,6767.7263,1995-01-10 12:45:00,17.5000
11530500,41.511111,-123.978333,1995-01-14 04:30:00,1995-01-16 05:45:00,5889.9041,1995-01-15 00:15:00,19.7500
11530500,41.511111,-123.978333,1995-01-31 16:15:00,1995-02-03 12:00:00,7107.5285,1995-02-01 15:45:00,23.5000
11530500,41.511111,-123.978333,1995-03-10 06:45:00,1995-03-10 16:00:00,4162.5765,1995-03-10 11:15:00,4.5000
11530500,41.511111,-123.978333,1995-03-15 07:45:00,1995-03-16 00:00:00,4219.2101,1995-03-15 14:00:00,6.2500
11530500,41.511111,-123.978333,1995-03-21 04:15:00,1995-03-21 14:45:00,3964.3585,1995-03-21 09:30:00,5.2500
11530500,41.511111,-123.978333,1998-01-17 04:15:00,1998-01-20 05:15:00,6597.8253,1998-01-17 20:00:00,15.7500
11530500,41.511111,-123.978333,1998-03-23 04:00:00,1998-03-26 09:15:00,6796.0432,1998-03-24 10:00:00,30.0000
11530500,41.511111,-123.978333,1998-11-22 05:15:00,1998-11-22 10:30:00,3822.7743,1998-11-22 07:45:00,2.5000
11530500,41.511111,-123.978333,1999-03-01 00:30:00,1999-03-01 20:30:00,3992.6754,1999-03-01 05:45:00,5.2500
11530500,41.511111,-123.978333,2000-02-15 05:00:00,2000-02-15 17:15:00,3992.6754,2000-02-15 07:30:00,2.5000
11530500,41.511111,-123.978333,2002-01-07 06:15:00,2002-01-07 15:00:00,3794.4574,2002-01-07 07:45:00,1.5000
11530500,41.511111,-123.978333,2002-12-17 00:30:00,2002-12-17 05:15:00,3879.4080,2002-12-17 03:00:00,2.5000
11530500,41.511111,-123.978333,2002-12-28 08:45:00,2002-12-29 13:45:00,5125.3492,2002-12-28 18:15:00,9.5000
11530500,41.511111,-123.978333,2004-02-18 04:00:00,2004-02-19 12:15:00,5521.7851,2004-02-18 17:00:00,13.0000
11530500,41.511111,-123.978333,2005-12-28 11:45:00,2005-12-31 07:45:00,8381.7866,2005-12-31 07:15:00,67.5000
11530500,41.511111,-123.978333,2006-02-02 21:15:00,2006-02-03 08:30:00,3851.0911,2006-02-03 00:15:00,3.0000
11530500,41.511111,-123.978333,2012-03-31 00:30:00,2012-03-31 20:15:00,4417.4281,2012-03-31 07:30:00,7.0000
11530500,41.511111,-123.978333,2012-12-03 00:45:00,2012-12-03 08:00:00,3964.3585,2012-12-03 02:30:00,1.7500
11530500,41.511111,-123.978333,2015-02-07 09:15:00,2015-02-08 15:00:00,4898.8145,2015-02-07 22:45:00,13.5000
11530500,41.511111,-123.978333,2016-01-18 07:30:00,2016-01-19 06:45:00,5635.0525,2016-01-18 16:45:00,9.2500
11467000,38.508611,-122.926667,1991-03-04 21:15:00,1991-03-05 12:45:00,1373.3671,1991-03-05 02:45:00,5.5000
11467000,38.508611,-122.926667,1993-01-21 02:00:00,1993-01-22 20:15:00,1560.2582,1993-01-21 15:45:00,13.7500
11467000,38.508611,-122.926667,1995-01-08 21:45:00,1995-01-13 00:00:00,2658.9519,1995-01-10 07:45:00,34.0000
11467000,38.508611,-122.926667,1995-01-14 04:15:00,1995-01-15 20:45:00,1665.0306,1995-01-14 22:00:00,17.7500
11467000,38.508611,-122.926667,1995-03-09 19:00:00,1995-03-12 14:00:00,2041.6446,1995-03-10 09:30:00,14.5000
11467000,38.508611,-122.926667,1995-03-15 10:15:00,1995-03-15 19:15:00,1200.6343,1995-03-15 13:45:00,3.5000
11467000,38.508611,-122.926667,1996-02-05 01:00:00,1996-02-05 23:30:00,1393.1889,1996-02-05 10:00:00,9.0000
11467000,38.508611,-122.926667,1996-12-31 15:30:00,1997-01-03 23:30:00,2324.8131,1997-01-02 06:15:00,38.7500
11467000,38.508611,-122.926667,1997-01-25 23:45:00,1997-01-27 12:15:00,1551.7632,1997-01-26 19:30:00,19.7500
11467000,38.508611,-122.926667,1998-02-03 14:15:00,1998-02-04 19:15:00,1588.5751,1998-02-04 02:45:00,12.5000
11467000,38.508611,-122.926667,1998-02-06 08:00:00,1998-02-09 05:00:00,1489.4661,1998-02-07 15:45:00,31.7500
11467000,38.508611,-122.926667,1998-02-20 03:45:00,1998-02-20 20:30:00,1302.5749,1998-02-20 11:15:00,7.5000
11467000,38.508611,-122.926667,2002-01-03 01:15:00,2002-01-03 13:00:00,1245.9413,2002-01-03 06:30:00,5.2500
11467000,38.508611,-122.926667,2002-12-16 17:15:00,2002-12-17 18:15:00,1631.0504,2002-12-17 04:45:00,11.5000
11467000,38.508611,-122.926667,2004-02-17 23:45:00,2004-02-19 15:45:00,1795.2881,2004-02-18 18:15:00,18.5000
11467000,38.508611,-122.926667,2005-12-29 03:15:00,2005-12-29 18:45:00,1268.5947,2005-12-29 09:30:00,6.2500
11467000,38.508611,-122.926667,2005-12-31 10:00:00,2006-01-03 14:45:00,2435.2488,2006-01-01 13:30:00,27.5000
11523000,41.303611,-123.533333,1997-01-01 09:30:00,1997-01-02 07:45:00,7305.7464,1997-01-02 00:45:00,15.2500
11523000,41.303611,-123.533333,2005-12-31 01:15:00,2005-12-31 12:30:00,6031.4883,2005-12-31 05:00:00,3.7500
11477000,40.491667,-124.098611,1993-01-21 02:15:00,1993-01-21 07:45:00,8155.2518,1993-01-21 07:45:00,5.5000
11477000,40.491667,-124.098611,1995-01-14 10:45:00,1995-01-14 23:00:00,7135.8453,1995-01-14 14:45:00,4.0000
11477000,40.491667,-124.098611,1996-12-31 11:30:12,1997-01-03 01:15:12,10194.0648,1997-01-02 06:00:12,42.5000
11477000,40.491667,-124.098611,2002-12-16 23:15:00,2002-12-17 01:00:00,6399.6073,2002-12-17 01:00:00,1.7500
11477000,40.491667,-124.098611,2005-12-28 20:00:00,2005-12-29 11:00:00,7645.5486,2005-12-29 04:00:00,8.0000
11477000,40.491667,-124.098611,2005-12-31 10:30:00,2006-01-01 10:00:00,8693.2719,2005-12-31 18:15:00,7.7500
11290000,37.626944,-120.986944,1995-03-11 16:15:24,1995-03-13 04:45:24,314.3170,1995-03-12 08:00:00,15.7433
11290000,37.626944,-120.986944,1995-03-18 10:45:00,1995-03-24 15:49:00,240.9764,1995-03-20 05:00:00,42.2500
11290000,37.626944,-120.986944,1995-03-25 16:58:00,1995-04-14 09:45:00,252.5863,1995-03-31 05:45:00,132.7833
11290000,37.626944,-120.986944,1995-04-16 06:30:00,1995-04-26 21:00:00,237.5783,1995-04-23 16:00:00,177.5000
11290000,37.626944,-120.986944,1995-07-11 05:45:00,1995-07-15 17:57:00,245.2239,1995-07-13 09:00:00,51.2500
11290000,37.626944,-120.986944,1996-05-19 19:30:27,1996-05-21 07:45:27,195.1031,1996-05-20 20:15:27,24.7500
11290000,37.626944,-120.986944,1996-12-22 11:00:18,1996-12-24 01:30:18,302.9903,1996-12-23 05:30:18,18.5000
11290000,37.626944,-120.986944,1996-12-26 18:45:18,1996-12-26 21:45:18,193.1209,1996-12-26 20:30:18,1.7500
11290000,37.626944,-120.986944,1997-01-01 08:09:00,1997-01-31 07:45:00,1580.0800,1997-01-04 14:45:00,78.6000
11290000,37.626944,-120.986944,1997-02-02 08:00:00,1997-02-17 13:16:27,288.8318,1997-02-02 13:46:27,5.7742
11290000,37.626944,-120.986944,1997-02-19 05:46:27,1997-03-05 07:31:27,261.6477,1997-02-24 19:01:27,133.2500
11290000,37.626944,-120.986944,1998-02-03 13:00:00,1998-02-05 20:45:00,334.1388,1998-02-04 19:00:00,30.0000
11290000,37.626944,-120.986944,1999-02-13 00:30:00,1999-02-17 18:30:00,211.5268,1999-02-17 08:15:00,103.7500
11290000,37.626944,-120.986944,1999-02-18 21:15:00,1999-02-19 16:15:00,198.7843,1999-02-19 07:15:00,10.0000
11290000,37.626944,-120.986944,1999-02-22 04:30:00,1999-02-23 09:30:00,210.3942,1999-02-22 12:45:00,8.2500
11290000,37.626944,-120.986944,2000-02-28 18:30:00,2000-02-29 01:15:00,199.9169,2000-02-28 22:45:00,4.2500
11290000,37.626944,-120.986944,2000-03-06 08:30:00,2000-03-07 01:00:00,215.4912,2000-03-06 17:30:00,9.0000
11290000,37.626944,-120.986944,2005-04-02 14:45:00,2005-04-06 22:30:00,204.7308,2005-04-05 15:15:00,71.5000
11290000,37.626944,-120.986944,2006-01-03 18:45:00,2006-01-04 17:45:00,223.9863,2006-01-04 06:30:00,11.7500
11290000,37.626944,-120.986944,2006-01-05 22:15:00,2006-01-06 07:45:00,206.7130,2006-01-06 07:30:00,9.2500
11290000,37.626944,-120.986944,2006-01-07 08:00:00,2006-01-10 20:15:00,227.3843,2006-01-10 07:15:00,71.2500
11290000,37.626944,-120.986944,2006-03-29 19:15:00,2006-03-30 18:30:00,219.4556,2006-03-30 05:30:00,10.2500
11290000,37.626944,-120.986944,2006-04-01 17:30:00,2006-04-22 06:45:00,302.9903,2006-04-06 03:30:00,105.0000
11290000,37.626944,-120.986944,2006-04-23 07:00:00,2006-04-30 06:45:00,252.5863,2006-04-28 12:30:00,125.5000
11290000,37.626944,-120.986944,2006-05-03 07:00:00,2006-05-10 06:45:00,252.5863,2006-05-08 15:00:00,128.0000
11290000,37.626944,-120.986944,2006-05-11 07:00:00,2006-05-27 16:30:00,244.3744,2006-05-15 13:45:00,102.7500
11290000,37.626944,-120.986944,2010-12-30 09:45:00,2010-12-31 08:30:00,214.0754,2010-12-30 19:45:00,10.0000
11290000,37.626944,-120.986944,2011-01-03 10:00:00,2011-01-04 16:00:00,222.8536,2011-01-04 00:00:00,14.0000
11290000,37.626944,-120.986944,2011-03-21 14:30:00,2011-03-31 06:45:00,261.9308,2011-03-26 09:45:00,115.2500
11290000,37.626944,-120.986944,2011-04-01 07:00:00,2011-04-24 08:30:00,232.4813,2011-04-01 07:30:00,0.5000
11290000,37.626944,-120.986944,2011-06-12 16:15:00,2011-06-15 12:00:00,199.0674,2011-06-14 06:45:00,38.5000
11475000,40.218333,-123.631389,1995-01-09 14:30:00,1995-01-09 19:30:00,8126.9350,1995-01-09 16:45:00,2.2500
11274000,37.350556,-120.976111,1995-03-15 00:15:00,1995-03-21 14:00:00,603.1488,1995-03-16 17:45:00,41.5000
11274000,37.350556,-120.976111,1995-03-26 10:45:00,1995-04-05 01:00:00,447.4062,1995-03-28 07:00:00,44.2500
11274000,37.350556,-120.976111,1995-04-06 09:30:00,1995-04-09 01:15:00,387.9408,1995-04-07 15:45:00,30.2500
11274000,37.350556,-120.976111,1995-05-03 22:15:00,1995-05-14 04:30:00,393.6042,1995-05-09 19:45:00,141.5000
11274000,37.350556,-120.976111,1995-05-15 08:00:00,1995-05-25 02:30:00,390.7725,1995-05-21 21:45:00,157.7500
11274000,37.350556,-120.976111,1995-05-26 05:15:00,1995-05-27 22:30:00,376.6141,1995-05-26 20:15:00,15.0000
11274000,37.350556,-120.976111,1998-02-07 23:15:00,1998-03-03 04:15:00,552.1785,1998-02-10 21:15:00,70.0000
11274000,37.350556,-120.976111,1998-03-28 05:00:00,1998-03-31 01:45:00,427.5844,1998-03-29 01:15:00,20.2500
11274000,37.350556,-120.976111,1998-04-08 10:45:00,1998-04-19 21:30:00,438.9111,1998-04-14 01:45:00,135.0000
11274000,37.350556,-120.976111,2006-04-06 17:00:00,2006-05-17 14:30:00,696.5944,2006-04-09 18:15:00,73.2500
11274000,37.350556,-120.976111,2006-05-23 09:00:00,2006-05-27 22:00:00,402.0992,2006-05-25 16:45:00,55.7500
11274000,37.350556,-120.976111,2011-03-26 05:30:00,2011-04-20 10:15:00,546.5151,2011-03-31 11:15:00,125.7500
11389500,39.214167,-121.999167,1989-03-12 07:50:54,1989-03-12 22:21:54,1064.7134,1989-03-12 12:36:12,4.7550
11389500,39.214167,-121.999167,1993-01-02 19:00:00,1993-01-03 03:45:00,1070.3768,1993-01-02 22:15:00,3.2500
11389500,39.214167,-121.999167,1993-01-15 03:45:00,1993-01-16 12:15:00,1138.3372,1993-01-15 21:30:00,17.7500
11389500,39.214167,-121.999167,1993-01-21 18:45:00,1993-01-25 01:30:00,1319.5651,1993-01-23 00:45:00,30.0000
11389500,39.214167,-121.999167,1993-02-10 16:15:00,1993-02-10 21:15:00,1053.3867,1993-02-10 17:45:00,1.5000
11389500,39.214167,-121.999167,1993-02-19 23:30:00,1993-02-22 15:15:00,1211.9610,1993-02-21 04:30:00,29.0000
11389500,39.214167,-121.999167,1993-03-19 08:45:00,1993-04-02 21:09:33,1262.9314,1993-03-26 11:13:36,170.4767
11389500,39.214167,-121.999167,1995-01-09 09:12:54,1995-01-19 02:07:57,1384.6938,1995-01-12 00:26:33,63.2275
11389500,39.214167,-121.999167,1995-01-20 22:07:00,1995-01-22 10:21:15,1067.5451,1995-01-21 12:36:42,14.4950
11389500,39.214167,-121.999167,1995-03-15 08:00:00,1995-03-25 07:45:00,1313.9017,1995-03-17 01:30:00,41.5000
11389500,39.214167,-121.999167,1995-05-01 02:45:00,1995-05-02 06:45:00,1087.3669,1995-05-01 10:45:00,8.0000
11389500,39.214167,-121.999167,1996-02-06 17:30:00,1996-02-07 01:15:00,1053.3867,1996-02-06 19:30:00,2.0000
11389500,39.214167,-121.999167,1996-02-22 15:15:00,1996-02-24 05:15:00,1073.2085,1996-02-23 02:45:00,11.5000
11389500,39.214167,-121.999167,1996-12-11 11:45:00,1996-12-15 02:45:00,1110.0204,1996-12-12 02:45:00,15.0000
11389500,39.214167,-121.999167,1996-12-30 16:00:00,1997-01-18 02:30:00,1370.5354,1997-01-03 18:15:00,98.2500
11389500,39.214167,-121.999167,1997-01-23 16:45:00,1997-02-03 08:45:00,1240.2779,1997-01-27 15:15:00,94.5000
11389500,39.214167,-121.999167,1998-01-13 21:15:00,1998-01-14 21:45:00,1107.1887,1998-01-14 09:45:00,12.5000
11389500,39.214167,-121.999167,1998-03-23 10:00:00,1998-03-27 07:45:00,1220.4561,1998-03-27 02:45:00,88.7500
11389500,39.214167,-121.999167,1998-05-29 19:45:00,1998-06-01 20:30:00,1231.7828,1998-05-31 08:00:00,36.2500
11389500,39.214167,-121.999167,1998-12-01 22:15:00,1998-12-02 11:15:00,1064.7134,1998-12-02 01:45:00,3.5000
11389500,39.214167,-121.999167,1999-02-08 22:15:00,1999-02-09 05:45:00,1056.2184,1999-02-09 00:45:00,2.5000
11389500,39.214167,-121.999167,1999-02-10 09:45:00,1999-02-11 22:15:00,1169.4858,1999-02-11 03:30:00,17.7500
11389500,39.214167,-121.999167,1999-02-18 06:00:00,1999-02-20 22:30:00,1112.8521,1999-02-18 20:45:00,14.7500
11389500,39.214167,-121.999167,1999-02-22 02:00:00,1999-02-23 19:15:00,1135.5055,1999-02-22 20:00:00,18.0000
11389500,39.214167,-121.999167,1999-03-02 11:30:00,1999-03-03 10:15:00,1061.8817,1999-03-02 17:30:00,6.0000
11389500,39.214167,-121.999167,2000-02-13 10:00:00,2000-02-21 02:30:00,1197.8026,2000-02-16 02:30:00,64.5000
11389500,39.214167,-121.999167,2001-03-06 07:45:00,2001-03-07 07:45:00,1121.3471,2001-03-06 18:30:00,10.7500
11389500,39.214167,-121.999167,2002-01-03 07:15:00,2002-01-05 23:15:00,1226.1195,2002-01-04 16:00:00,32.7500
11389500,39.214167,-121.999167,2002-12-29 03:45:00,2003-01-03 20:45:00,1316.7334,2003-01-02 06:45:00,99.0000
11389500,39.214167,-121.999167,2003-01-14 01:15:00,2003-01-17 23:45:00,1291.2482,2003-01-16 04:15:00,51.0000
11389500,39.214167,-121.999167,2003-01-24 10:30:00,2003-01-25 03:45:00,1070.3768,2003-01-24 15:30:00,5.0000
11389500,39.214167,-121.999167,2003-05-01 04:30:00,2003-05-07 14:30:00,1183.6442,2003-05-05 15:45:00,107.2500
11389500,39.214167,-121.999167,2003-12-25 17:30:00,2003-12-26 20:45:00,1121.3471,2003-12-26 02:15:00,8.7500
11389500,39.214167,-121.999167,2003-12-30 14:45:00,2003-12-31 20:45:00,1228.9511,2003-12-31 11:15:00,20.5000
11389500,39.214167,-121.999167,2004-02-18 08:00:00,2004-03-08 16:30:00,1387.5255,2004-02-20 08:15:00,48.2500
11389500,39.214167,-121.999167,2004-12-28 22:45:00,2004-12-31 22:15:00,1251.6046,2004-12-29 20:00:00,21.2500
11389500,39.214167,-121.999167,2005-03-24 07:00:00,2005-03-25 06:30:00,1104.3570,2005-03-24 19:15:00,12.2500
11389500,39.214167,-121.999167,2005-05-19 16:00:00,2005-05-22 10:45:00,1251.6046,2005-05-20 23:15:00,31.2500
11389500,39.214167,-121.999167,2005-12-23 22:30:00,2005-12-24 22:15:00,1101.5253,2005-12-24 09:00:00,10.5000
11389500,39.214167,-121.999167,2005-12-28 23:45:00,2006-01-18 05:15:00,1398.8522,2006-01-02 13:15:00,109.5000
11389500,39.214167,-121.999167,2006-02-03 17:30:00,2006-02-04 06:00:00,1056.2184,2006-02-03 20:15:00,2.7500
11389500,39.214167,-121.999167,2006-02-05 06:15:00,2006-02-07 15:15:00,1078.8719,2006-02-06 06:15:00,24.0000
11389500,39.214167,-121.999167,2006-03-01 05:00:00,2006-03-02 20:15:00,1180.8125,2006-03-01 21:15:00,16.2500
11389500,39.214167,-121.999167,2006-03-06 13:15:00,2006-03-16 23:00:00,1325.2284,2006-03-08 07:30:00,42.2500
11389500,39.214167,-121.999167,2006-03-18 05:30:00,2006-03-19 14:15:00,1070.3768,2006-03-18 17:45:00,12.2500
11389500,39.214167,-121.999167,2006-03-26 15:30:00,2006-03-27 18:15:00,1076.0402,2006-03-27 01:00:00,9.5000
11389500,39.214167,-121.999167,2006-03-29 21:15:00,2006-03-30 23:45:00,1061.8817,2006-03-30 05:45:00,8.5000
11389500,39.214167,-121.999167,2008-01-27 14:45:00,2008-01-28 02:00:00,1073.2085,2008-01-27 18:45:00,4.0000
11389500,39.214167,-121.999167,2009-02-18 17:30:00,2009-02-19 11:30:00,1090.1986,2009-02-19 02:15:00,8.7500
11389500,39.214167,-121.999167,2010-01-20 22:45:00,2010-01-23 09:45:00,1211.9610,2010-01-22 09:30:00,34.7500
11389500,39.214167,-121.999167,2010-01-26 18:45:00,2010-01-28 11:30:00,1220.4561,2010-01-27 16:00:00,21.2500
11389500,39.214167,-121.999167,2010-12-30 16:45:00,2010-12-31 08:15:00,1084.5352,2010-12-30 22:30:00,5.7500
11389500,39.214167,-121.999167,2011-03-19 00:30:00,2011-04-06 16:45:00,1345.0502,2011-03-22 18:45:00,90.2500
11389500,39.214167,-121.999167,2012-12-03 17:15:00,2012-12-04 19:30:00,1166.6541,2012-12-04 06:45:00,13.5000
11389500,39.214167,-121.999167,2012-12-23 04:30:00,2012-12-26 05:00:00,1172.3174,2012-12-25 13:15:00,56.7500
11389500,39.214167,-121.999167,2014-12-12 20:15:00,2014-12-14 19:15:00,1262.9314,2014-12-13 22:00:00,25.7500
11389500,39.214167,-121.999167,2014-12-21 01:15:00,2014-12-21 12:45:00,1064.7134,2014-12-21 04:15:00,3.0000
11389500,39.214167,-121.999167,2016-01-19 08:00:00,2016-01-22 02:30:00,1169.4858,2016-01-19 23:15:00,15.2500
11389500,39.214167,-121.999167,2016-03-08 18:15:00,2016-03-09 02:00:00,1056.2184,2016-03-08 21:30:00,3.2500
11389500,39.214167,-121.999167,2016-03-12 08:30:00,2016-03-16 23:30:00,1257.2680,2016-03-14 21:30:00,60.0000
11421000,39.175833,-121.523889,1995-03-10 09:30:00,1995-03-12 09:30:00,1101.5253,1995-03-11 08:15:00,22.7500
11421000,39.175833,-121.523889,1995-05-02 00:30:00,1995-05-02 18:15:00,1070.3768,1995-05-02 07:00:00,6.5000
11421000,39.175833,-121.523889,1996-05-18 09:15:00,1996-05-19 07:45:00,1209.1293,1996-05-18 17:30:00,8.2500
11421000,39.175833,-121.523889,1996-12-31 03:30:00,1997-01-01 07:45:00,1908.5555,1997-01-01 07:15:00,27.7500
11421000,39.175833,-121.523889,1997-01-23 03:30:00,1997-01-23 13:00:00,1186.4759,1997-01-23 07:00:00,3.5000
11421000,39.175833,-121.523889,1997-01-26 01:45:00,1997-01-26 21:15:00,959.9411,1997-01-26 19:00:00,17.2500
11421000,39.175833,-121.523889,2005-05-19 15:45:00,2005-05-21 22:15:00,1500.7929,2005-05-20 05:15:00,13.5000
11421000,39.175833,-121.523889,2012-12-03 00:15:00,2012-12-03 04:45:00,999.5847,2012-12-03 02:30:00,2.2500
11421000,39.175833,-121.523889,2016-03-14 13:45:00,2016-03-14 18:30:00,974.0995,2016-03-14 15:00:00,1.2500
11452500,38.727222,-121.806111,1993-01-21 12:45:00,1993-01-21 14:45:00,484.2181,1993-01-21 13:15:00,0.5000
11452500,38.727222,-121.806111,1995-01-09 04:00:00,1995-01-11 04:45:00,891.9807,1995-01-09 16:30:00,12.5000
11452500,38.727222,-121.806111,1995-03-09 19:30:00,1995-03-11 19:00:00,1030.7332,1995-03-10 02:45:00,7.2500
11452500,38.727222,-121.806111,1996-02-05 05:15:00,1996-02-05 10:15:00,492.7131,1996-02-05 06:45:00,1.5000
11452500,38.727222,-121.806111,1997-01-01 18:00:00,1997-01-02 10:15:00,812.6935,1997-01-01 23:30:00,5.5000
11452500,38.727222,-121.806111,1997-01-25 20:00:00,1997-01-27 02:00:00,770.2182,1997-01-26 03:00:00,7.0000
11452500,38.727222,-121.806111,1998-02-03 10:15:00,1998-02-04 10:30:00,979.7629,1998-02-03 18:30:00,8.2500
11452500,38.727222,-121.806111,1998-02-06 08:45:00,1998-02-08 22:15:00,756.0598,1998-02-08 09:45:00,49.0000
11452500,38.727222,-121.806111,1998-02-20 03:15:00,1998-02-20 16:45:00,673.9409,1998-02-20 08:45:00,5.5000
11452500,38.727222,-121.806111,1998-02-22 01:00:00,1998-02-22 15:30:00,671.1093,1998-02-22 06:45:00,5.7500
11452500,38.727222,-121.806111,1998-02-24 06:15:00,1998-02-24 11:30:00,512.5349,1998-02-24 08:45:00,2.5000
11452500,38.727222,-121.806111,2005-12-31 20:00:00,2006-01-01 15:00:00,846.6737,2006-01-01 05:00:00,9.0000
11452500,38.727222,-121.806111,2014-12-12 12:00:00,2014-12-12 15:15:00,504.0399,2014-12-12 13:00:00,1.0000
