site_no,dec_lat_va,dec_long_va,coord_acy_cd,dec_coord_datum_cd
01303500,40.85722220,-73.46333330,S,NAD83
01304000,40.84944444,-73.22416670,S,NAD83
01304500,40.91361110,-72.68666670,S,NAD83
01305000,40.83027778,-72.90611110,S,NAD83
01305500,40.76694444,-72.99361110,S,NAD83
01306460,40.77194444,-73.15861110,S,NAD83
01308000,40.70416667,-73.31388889,S,NAD83
01308500,40.70861110,-73.32833330,S,NAD83
01309500,40.68888889,-73.45472220,S,NAD83
01309950,40.67871226,-73.51568160,S,NAD83
01309990,40.67982330,-73.51234810,S,NAD83
01310500,40.66555556,-73.56972220,S,NAD83
01311500,40.66361110,-73.70444440,S,NAD83
01312000,43.96666667,-74.13166670,S,NAD83
01315000,43.75638889,-74.26722220,S,NAD83
01315170,43.93983330,-73.95361110,1,NAD83
01315226,43.94850000,-73.98836110,1,NAD83
01315227,43.94819444,-73.99011110,1,NAD83
01315500,43.70083330,-73.98333330,S,NAD83
01317000,43.60944444,-73.73750000,S,NAD83
01318500,43.31888889,-73.84416670,S,NAD83
01321000,43.35277778,-74.27027778,S,NAD83
01325000,43.31138889,-73.86722220,S,NAD83
01327500,43.30423926,-73.54650310,S,NAD83
01327750,43.26944444,-73.59583330,S,NAD83
01328770,43.12538889,-73.58491670,1,NAD83
01329490,43.10861110,-73.42166670,S,NAD83
01330000,43.03055556,-73.92722220,S,NAD83
01334500,42.93861110,-73.37694440,S,NAD83
01335754,42.82916667,-73.66611110,S,NAD83
01335755,42.82396640,-73.66206220,S,NAD83
01336000,43.26444444,-75.43638889,S,NAD83
01338000,43.14277778,-75.33780560,1,NAD83
01339060,43.11144444,-75.29400000,1,NAD83
01342602,43.09369444,-75.15791670,1,NAD83
01342682,43.02694444,-75.10430560,1,NAD83
01342730,43.00658330,-75.04166670,1,NAD83
01342743,42.98522220,-74.99044440,1,NAD83
0134277112,43.53380556,-74.86183330,1,NAD83
0134277114,43.53138889,-74.85291670,1,NAD83
01343060,43.36611110,-74.95777778,S,NAD83
01343403,43.28277778,-74.95919440,1,NAD83
01346000,43.06888889,-74.98833330,S,NAD83
01347000,43.01472220,-74.77944440,S,NAD83
01348000,43.01666667,-74.74083330,S,NAD83
01349000,42.92925000,-74.63288889,1,NAD83
01349150,42.87627778,-74.60286110,1,NAD83
01349527,42.95035136,-74.37207950,S,NAD83
01349700,42.24916667,-74.30277778,S,NAD83
01349705,42.23694444,-74.34027778,S,NAD83
01349711,42.18500000,-74.27694440,S,NAD83
01349810,42.23027778,-74.39305560,S,NAD83
01349950,42.30833330,-74.39000000,S,NAD83
01350000,42.31944444,-74.43666670,S,NAD83
01350035,42.33805556,-74.45166670,S,NAD83
01350080,42.37694444,-74.41305560,S,NAD83
01350101,42.39722220,-74.45055560,S,NAD83
01350120,42.40611110,-74.44722220,S,NAD83
01350140,42.42888889,-74.47305560,S,NAD83
01350180,42.46583330,-74.46222220,S,NAD83
01350212,42.47263889,-74.44113889,1,NAD83
01350355,42.53694444,-74.41055560,S,NAD83
01350480,42.58127778,-74.31744440,1,NAD83
01350500,42.59944444,-74.33611110,S,NAD83
01350750,42.66544444,-74.32600000,1,NAD83
01351200,42.67305556,-74.25388889,S,NAD83
01351298,42.67255556,-74.48191670,1,NAD83
01351450,42.76058330,-74.25477778,1,NAD83
01351500,42.80000000,-74.26277778,S,NAD83
01354083,42.93400000,-74.19186110,1,NAD83
01354330,42.82815830,-73.99037220,H,NAD83
01354500,42.83052778,-73.93075000,1,NAD83
01355475,42.85111110,-73.88725000,1,NAD83
01356000,42.80419444,-73.84766670,1,NAD83
01357500,42.78538889,-73.70777778,1,NAD83
01358000,42.75222220,-73.68888889,S,NAD83
01359135,42.66344444,-73.74486110,1,NAD83
01359525,42.64791667,-73.84600000,1,NAD83
01359528,42.63363889,-73.80427778,1,NAD83
01360640,42.55194444,-73.59138889,S,NAD83
01361000,42.33105556,-73.74444440,1,NAD83
0136219503,42.09788889,-74.44908330,1,NAD83
013621955,42.10888889,-74.45194440,S,NAD83
01362200,42.11694444,-74.38027778,S,NAD83
01362230,42.11453416,-74.36375990,S,NAD83
01362286,42.03525000,-74.36552778,1,NAD83
0136230002,42.07972220,-74.33458330,1,NAD83
01362322,42.13361110,-74.23152778,1,NAD83
01362336,42.12794444,-74.26325000,1,NAD83
01362342,42.14222220,-74.26500000,S,NAD83
01362357,42.09938889,-74.29461110,1,NAD83
01362368,42.10477778,-74.30955560,1,NAD83
01362370,42.10202778,-74.31088889,1,NAD83
01362487,42.04675800,-74.27681360,S,NAD83
01362497,42.01944444,-74.26638889,S,NAD83
01362500,42.01416667,-74.27055560,S,NAD83
01363382,41.96555556,-74.29305560,S,NAD83
01363556,41.87933330,-74.14536110,1,NAD83
01364500,42.03777778,-73.97194440,S,NAD83
01365000,41.86638889,-74.48722220,S,NAD83
01365100,41.85211110,-74.51302778,1,NAD83
01365500,41.84500000,-74.53944440,S,NAD83
01365550,41.84908330,-74.53183330,1,NAD83
01367500,41.84305556,-74.08611110,S,NAD83
01367690,41.10527778,-74.55961110,1,NAD83
01367715,41.13333330,-74.57861110,S,NAD83
01367800,41.16277778,-74.67527778,S,NAD83
01367805,41.17000000,-74.65662220,S,NAD83
01368050,41.28783330,-74.53433330,1,NAD83
01370520,41.43898270,-74.36570970,S,NAD83
01371500,41.68611110,-74.16527778,S,NAD83
01372500,41.65305556,-73.87250000,S,NAD83
0137449480,41.44725000,-73.55608330,1,NAD83
01374505,41.39444444,-73.60694440,S,NAD83
01374531,41.37377778,-73.63875000,1,NAD83
01374559,41.47055556,-73.76000000,S,NAD83
01374581,41.44972220,-73.73638889,S,NAD83
01374598,41.47586110,-73.68947220,1,NAD83
0137462010,41.41180556,-73.69375000,1,NAD83
01374701,41.35800000,-73.66797220,1,NAD83
01374781,41.32736110,-73.59147220,1,NAD83
01374821,41.32719444,-73.65583330,1,NAD83
01374890,41.26022220,-73.60186110,1,NAD83
01374901,41.26611110,-73.66555560,S,NAD83
01374930,41.33813889,-73.76869440,1,NAD83
01374941,41.28761110,-73.75363889,1,NAD83
01375000,41.22502778,-73.85888889,1,NAD83
01376800,41.09555556,-73.96388889,S,NAD83
01377000,40.99916667,-73.98916670,S,NAD83
01377370,41.03666667,-74.03916670,S,NAD83
01377451,41.01194444,-74.04805560,S,NAD83
01377500,40.99277778,-74.02111110,S,NAD83
01378500,40.94833330,-74.02666670,S,NAD83
01379000,40.68000000,-74.52888889,S,NAD83
01379500,40.72611110,-74.38972220,R,NAD83
01379530,40.74444444,-74.35361110,S,NAD83
01379699,40.93416667,-74.59138889,S,NAD83
01379773,40.96000000,-74.53972220,S,NAD83
01379780,40.94944444,-74.55722220,S,NAD83
01379845,40.88611110,-74.56000000,S,NAD83
01379868,40.87305556,-74.53333330,S,NAD83
01380000,40.96305556,-74.46000000,S,NAD83
01380100,40.90222220,-74.50138889,S,NAD83
01380450,40.90750000,-74.41916670,S,NAD83
01380500,40.90277778,-74.40972220,S,NAD83
01381000,40.89694444,-74.39472220,S,NAD83
01381400,40.81222220,-74.51194440,S,NAD83
01381500,40.80722220,-74.45694440,S,NAD83
01381800,40.84500000,-74.34722220,S,NAD83
01381900,40.86250000,-74.32166670,S,NAD83
01381940,40.88222220,-74.34000000,S,NAD83
01382170,41.07777778,-74.48972220,S,NAD83
01382210,41.03972220,-74.50166670,S,NAD83
01382270,41.05305556,-74.45138889,S,NAD83
01382385,41.02472220,-74.40833330,S,NAD83
01382500,41.01833330,-74.40111110,S,NAD83
01382800,40.99861110,-74.29805560,S,NAD83
01383000,41.16166667,-74.33333330,S,NAD83
01383500,41.16027778,-74.33361110,S,NAD83
01384500,41.12722220,-74.26583330,S,NAD83
01386000,41.07361110,-74.31166670,S,NAD83
01387000,41.04416667,-74.29305560,S,NAD83
01387400,41.14027778,-74.16861110,S,NAD83
01387420,41.11833330,-74.16027778,S,NAD83
01387450,41.14111110,-74.11611110,S,NAD83
01387500,41.09805556,-74.16277778,S,NAD83
01387905,41.02750000,-74.25000000,S,NAD83
01387940,41.00722220,-74.27444440,S,NAD83
01387998,40.99277778,-74.27888889,S,NAD83
01388000,40.99194444,-74.28000000,1,NAD83
01388100,40.98555556,-74.27944440,S,NAD83
01388500,40.96972220,-74.28194440,S,NAD83
01388700,40.92472220,-74.30250000,S,NAD83
01388910,40.91444444,-74.27055560,S,NAD83
01389005,40.89638889,-74.26916670,S,NAD83
01389010,40.89444444,-74.26611110,S,NAD83
01389492,40.88444444,-74.23444440,S,NAD83
01389500,40.88472220,-74.22611110,S,NAD83
01389534,40.84500000,-74.23555560,S,NAD83
01389550,40.87194444,-74.22222220,S,NAD83
01389765,40.95305556,-74.18472220,S,NAD83
01389802,40.91583330,-74.18166670,S,NAD83
01389890,40.88583330,-74.12833330,S,NAD83
01390450,41.05861110,-74.09555560,S,NAD83
01390500,40.98500000,-74.09055560,S,NAD83
01391000,40.99777778,-74.11194440,S,NAD83
01391102,40.95527778,-74.09972220,S,NAD83
01391500,40.89027778,-74.08055560,S,NAD83
01392170,40.80000000,-74.18777778,S,NAD83
01392500,40.78805556,-74.17166670,S,NAD83
01393450,40.67500000,-74.22194440,S,NAD83
01393890,40.73472220,-74.27055560,S,NAD83
01393895,40.72277778,-74.28500000,S,NAD83
01394000,40.73166667,-74.30750000,S,NAD83
01394500,40.68750000,-74.31166670,S,NAD83
01394620,40.67305556,-74.31305560,S,NAD83
01395000,40.61888889,-74.28333330,S,NAD83
01396000,40.60583330,-74.29972220,S,NAD83
01396091,40.85944444,-74.76083330,S,NAD83
01396152,40.85583330,-74.70111110,S,NAD83
01396190,40.80611110,-74.74055560,S,NAD83
01396500,40.67777778,-74.87916670,S,NAD83
01396582,40.69138889,-74.93694440,S,NAD83
01396660,40.64750000,-74.96888889,S,NAD83
01396800,40.64000000,-74.91555560,S,NAD83
01397000,40.57222220,-74.86805560,S,NAD83
01397420,40.50194444,-74.74250000,S,NAD83
01398000,40.47333330,-74.82777778,S,NAD83
01398102,40.54694444,-74.69638889,S,NAD83
01398500,40.70833330,-74.63611110,S,NAD83
01398900,40.68277778,-74.63833330,S,NAD83
01399100,40.64944444,-74.68166670,S,NAD83
01399500,40.72750000,-74.73027778,S,NAD83
01399670,40.61944444,-74.77361110,S,NAD83
01399780,40.63472220,-74.68666670,S,NAD83
01399830,40.60000000,-74.67388889,S,NAD83
01400000,40.57055556,-74.67916670,S,NAD83
01400010,40.55666667,-74.68750000,S,NAD83
01400360,40.57500000,-74.61583330,S,NAD83
01400500,40.55555556,-74.58277778,S,NAD83
01401000,40.33305556,-74.68194440,S,NAD83
01401650,40.46805556,-74.64888889,S,NAD83
01401750,40.44000000,-74.61750000,S,NAD83
01402000,40.47500000,-74.57583330,S,NAD83
01402500,40.50277778,-74.58750000,S,NAD83
01402540,40.52972220,-74.58833330,S,NAD83
01402630,40.50611110,-74.62305560,S,NAD83
01403060,40.55111110,-74.54833330,S,NAD83
01403150,40.61222220,-74.59083330,S,NAD83
01403200,40.56083330,-74.54888889,S,NAD83
01403400,40.66611110,-74.40388889,S,NAD83
01403540,40.63638889,-74.45138889,S,NAD83
01403570,40.62194444,-74.43611110,S,NAD83
01403600,40.60194444,-74.45750000,S,NAD83
01403900,40.58500000,-74.50777778,S,NAD83
01405030,40.48305556,-74.41277778,S,NAD83
01405400,40.38944444,-74.39055560,S,NAD83
01406050,40.41500000,-74.34888889,S,NAD83
01406710,40.49222220,-74.28166670,S,NAD83
01407290,40.31972220,-74.21416670,S,NAD83
01407500,40.31972220,-74.11555560,S,NAD83
01407705,40.19861110,-74.07000000,S,NAD83
01407760,40.20333330,-74.06583330,S,NAD83
01408000,40.16138889,-74.15472220,S,NAD83
01408029,40.14666667,-74.12222220,S,NAD83
01408050,40.10166667,-74.03750000,S,NAD83
01408120,40.09166667,-74.15250000,S,NAD83
01408151,40.08305556,-74.17972220,S,NAD83
01408500,39.98638889,-74.22333330,S,NAD83
01408750,39.93833330,-74.08222220,S,NAD83
01408753,39.92400000,-74.11358330,1,NAD83
01408900,39.87916667,-74.19055560,S,NAD83
01409000,39.86750000,-74.16916670,S,NAD83
01409095,39.79833330,-74.25027778,S,NAD83
01409110,39.79111110,-74.18194440,S,NAD83
0140914550,39.66333330,-74.20694440,S,NAD83
01409147,39.76361110,-74.10416670,S,NAD83
01409210,39.69527778,-74.25972220,S,NAD83
01409280,39.66666667,-74.32027778,S,NAD83
01409334,39.51166667,-74.30138889,S,NAD83
01409400,39.67444444,-74.66500000,S,NAD83
01409810,39.68805556,-74.54805560,S,NAD83
01410000,39.66394444,-74.52344440,1,NAD83
01410150,39.62305556,-74.44138889,S,NAD83
01410500,39.43027778,-74.52055560,S,NAD83
01410784,39.73361110,-74.95111110,S,NAD83
01410820,39.66916667,-74.91333330,S,NAD83
01411000,39.59472220,-74.85166670,S,NAD83
01411300,39.30694444,-74.82055560,S,NAD83
01411320,39.28583330,-74.57555560,S,NAD83
01411330,39.33750000,-74.51305560,S,NAD83
01411355,39.11083330,-74.73416670,S,NAD83
01411456,39.65888889,-75.06750000,S,NAD83
01411500,39.49555556,-75.07694440,S,NAD83
01412000,39.41916667,-74.96583330,S,NAD83
01412800,39.47250000,-75.25555560,S,NAD83
01413088,42.29380556,-74.55919440,1,NAD83
01413398,42.15083330,-74.60138889,S,NAD83
01413408,42.14666667,-74.62333330,S,NAD83
01413500,42.14472220,-74.65361110,S,NAD83
01414000,42.13305556,-74.69555560,S,NAD83
01414500,42.10611110,-74.73055560,S,NAD83
01415000,42.12000000,-74.81861110,S,NAD83
01417000,42.07500000,-74.97638889,S,NAD83
01417500,42.02458330,-75.11927778,1,NAD83
01419500,41.90333330,-74.81277778,S,NAD83
01420500,41.94641667,-74.97966670,1,NAD83
01421000,41.97355556,-75.17519440,1,NAD83
01421610,42.37138889,-74.66888889,S,NAD83
01421618,42.36111110,-74.66222220,S,NAD83
01421900,42.28027778,-74.90722220,S,NAD83
01422500,42.25222220,-74.90166670,S,NAD83
01422747,42.17266667,-75.12191670,1,NAD83
01422779,42.17738889,-75.12891670,1,NAD83
01423000,42.16611110,-75.14002778,1,NAD83
0142400103,42.17358330,-75.27944440,1,NAD83
01425000,42.07491667,-75.39580560,1,NAD83
01426500,42.00302778,-75.38352778,1,NAD83
01427500,41.76055556,-75.04838889,1,NAD83
01428000,41.56388889,-75.01444440,S,NAD83
01428500,41.50875000,-74.98605560,1,NAD83
01432900,41.66805556,-74.78055560,S,NAD83
01433005,41.56727778,-74.78327778,1,NAD83
01433500,41.46122220,-74.75877778,1,NAD83
0143400680,41.96694444,-74.44805560,S,NAD83
01434017,41.92527778,-74.54027778,S,NAD83
01434021,42.01111110,-74.41444440,S,NAD83
01434025,41.99608330,-74.50022220,1,NAD83
01434498,41.92027778,-74.57472220,S,NAD83
01435000,41.89000000,-74.59000000,S,NAD83
01436000,41.82000000,-74.63555560,S,NAD83
01436690,41.63805556,-74.61688889,S,NAD83
01437500,41.44111110,-74.60194440,S,NAD83
01439800,41.20694444,-74.80361110,S,NAD83
01440000,41.10611110,-74.95250000,S,NAD83
01440200,41.01333330,-75.08611110,S,NAD83
01443280,41.07638889,-74.69527778,S,NAD83
01443500,40.98083330,-74.95333330,S,NAD83
01443900,40.98055556,-75.03916670,S,NAD83
01445000,40.98083330,-74.77638889,S,NAD83
01445500,40.83055556,-74.97777778,S,NAD83
01446000,40.84333330,-75.04638889,S,NAD83
01446500,40.82638889,-75.08250000,S,NAD83
01446995,40.69444444,-75.20333330,S,NAD83
01455090,40.69000000,-75.14722220,S,NAD83
01455290,40.63547220,-75.16863889,1,NAD83
01455400,40.91750000,-74.66416670,S,NAD83
01455500,40.91722220,-74.66555560,S,NAD83
01457000,40.67222220,-75.06083330,S,NAD83
01457500,40.59472220,-75.18972220,S,NAD83
01458500,40.52611110,-75.06500000,S,NAD83
01460880,40.41611110,-75.01777778,S,NAD83
01461300,40.41138889,-74.98666670,S,NAD83
01461500,40.40277778,-74.97944440,S,NAD83
01462000,40.36472220,-74.94888889,S,NAD83
01462500,40.29500000,-74.86805560,S,NAD83
01463500,40.22166667,-74.77805560,S,NAD83
01463620,40.26972220,-74.67194440,S,NAD83
01463740,40.27111110,-74.77333330,S,NAD83
01463882,40.24750000,-74.72777778,S,NAD83
01464000,40.22416667,-74.74916670,S,NAD83
01464500,40.13722220,-74.60000000,S,NAD83
01465850,39.94000000,-74.76305560,S,NAD83
01465880,39.89527778,-74.82361110,S,NAD83
01466500,39.88500000,-74.50527778,S,NAD83
01466900,39.95611110,-74.62777778,S,NAD83
01467000,39.97000000,-74.68444440,S,NAD83
01467005,39.99305556,-74.78138889,S,NAD83
01467081,39.94166667,-75.00111110,S,NAD83
01467150,39.90305556,-75.02138889,S,NAD83
01475001,39.73888889,-75.11444440,S,NAD83
01477120,39.74055556,-75.25916670,S,NAD83
01482500,39.64388889,-75.33027778,S,NAD83
01500000,42.33336110,-75.23500000,1,NAD83
01500500,42.32150000,-75.31638889,1,NAD83
01502500,42.37777778,-75.40611110,S,NAD83
01502632,42.29138889,-75.47638889,S,NAD83
01502731,42.07486110,-75.63763889,S,NAD83
01503000,42.03527778,-75.80305560,S,NAD83
01503500,42.09250000,-75.91472220,S,NAD83
01505000,42.67861110,-75.51055560,S,NAD83
01505810,42.44166667,-75.59638889,S,NAD83
01507000,42.32444444,-75.77138889,S,NAD83
01509000,42.60277778,-76.15944440,S,NAD83
01509520,42.34944444,-75.99916670,S,NAD83
01510000,42.54111110,-75.89972220,S,NAD83
01511500,42.29805556,-75.90888889,S,NAD83
01512500,42.21805556,-75.84833330,S,NAD83
01513500,42.09083330,-76.05611110,S,NAD83
01513831,42.09722220,-76.26638889,S,NAD83
01514000,42.12916667,-76.27055560,S,NAD83
01520500,42.02861110,-77.13222220,S,NAD83
01521500,42.39583330,-77.71138889,S,NAD83
01523500,42.33472220,-77.68305560,S,NAD83
01524500,42.31347220,-77.65108330,1,NAD83
01525500,42.22222220,-77.41777778,S,NAD83
01525981,42.07222220,-77.29888889,S,NAD83
01526500,42.12111110,-77.12916670,S,NAD83
01527500,42.41105556,-77.42636110,1,NAD83
01528320,42.34333330,-77.34388889,S,NAD83
01529500,42.25250000,-77.21666670,S,NAD83
01529950,42.14641667,-77.05750000,1,NAD83
01530332,42.08638889,-76.80111110,S,NAD83
01531000,42.00222220,-76.63472220,S,NAD83
01613900,39.21454790,-78.28805920,U,NAD83
01615000,39.17472220,-78.07833330,S,NAD83
01616100,39.19259167,-78.06863060,S,NAD83
01620500,38.33500000,-79.23916670,S,NAD83
01621050,38.48679008,-78.96030749,U,NAD83
01622000,38.34040510,-78.91363850,U,NAD83
01622464,38.20858330,-79.13419440,1,NAD83
0162246784,38.28538889,-79.23747220,1,NAD83
01625000,38.26179616,-78.86197030,U,NAD83
0162588350,37.92186110,-78.98730560,1,NAD83
01626000,38.05763620,-78.90807949,U,NAD83
01626850,38.08874648,-78.87696830,U,NAD83
01627500,38.21874208,-78.83669150,U,NAD83
01628500,38.32262796,-78.75474570,U,NAD83
01629500,38.64623050,-78.53473290,U,NAD83
01631000,38.91400059,-78.21083388,U,NAD83
01632000,38.63706254,-78.85280300,U,NAD83
01632082,38.60678588,-78.80335700,U,NAD83
01632900,38.69345016,-78.64279350,U,NAD83
01633000,38.74567048,-78.63890420,U,NAD83
01634000,38.97677590,-78.33611520,U,NAD83
01634500,39.08121760,-78.32944860,U,NAD83
01635500,38.95816564,-78.26666850,U,NAD83
01636316,39.06702500,-78.00375280,S,NAD83
01636690,39.31083330,-77.71850000,S,NAD83
01638350,39.19111110,-77.61544440,S,NAD83
01638420,39.20500000,-77.62388889,S,NAD83
01638480,39.25510206,-77.57637780,U,NAD83
01643590,39.16761110,-77.53591670,S,NAD83
01643700,38.98649818,-77.79666140,U,NAD83
01643805,39.07230556,-77.68394440,S,NAD83
01643880,39.03772220,-77.72225000,S,NAD83
01644000,39.01955309,-77.57749180,U,NAD83
01644280,39.04641667,-77.43238889,S,NAD83
01645704,38.88469518,-77.33242930,1,NAD83
01645762,38.90888916,-77.33826270,1,NAD83
01646000,38.97594346,-77.24581439,U,NAD83
01646305,38.95977716,-77.17567430,1,NAD83
01652500,38.84333330,-77.08586110,1,NAD83
01653000,38.80650210,-77.10970110,S,NAD83
01654000,38.81289066,-77.22831580,U,NAD83
01654500,38.81094620,-77.23498270,U,NAD83
01655794,38.67577778,-77.74755560,1,NAD83
01656000,38.63678689,-77.62498970,U,NAD83
01656903,38.88238990,-77.43190470,1,NAD83
01658500,38.58734270,-77.42859580,U,NAD83
01660400,38.49040138,-77.43359420,U,NAD83
01661977,38.72447220,-77.91052780,1,NAD83
01662800,38.65567564,-78.07388690,U,NAD83
01663500,38.59178867,-77.96499620,U,NAD83
01664000,38.53067996,-77.81360450,U,NAD83
01665500,38.28068606,-78.34000700,U,NAD83
01666500,38.32513047,-78.09555570,U,NAD83
01667500,38.35040774,-77.97499720,U,NAD83
01668000,38.30846178,-77.52915268,S,NAD83
01669000,37.87708190,-76.90052100,U,NAD83
01669520,37.63375290,-76.69634680,U,NAD83
01670400,38.01291599,-77.70110070,U,NAD83
01671020,37.85014024,-77.42775949,U,NAD83
01671025,37.82569640,-77.42609290,S,NAD83
01671100,37.87264010,-77.51303920,U,NAD83
01672500,37.79680900,-77.54887440,S,NAD83
01673000,37.76764189,-77.33220180,U,NAD83
01673550,37.66264340,-77.25775480,U,NAD83
0167357970,37.71225000,-77.14636110,1,NAD83
01673800,38.17152150,-77.59470950,U,NAD83
01674000,38.06180100,-77.38581420,U,NAD83
01674182,37.96033330,-77.34344440,S,NAD83
01674500,37.88388889,-77.16527778,S,NAD83
02011400,38.04234707,-79.88144390,U,NAD83
0201144806,38.29950000,-79.77269440,1,NAD83
02011460,38.24540129,-79.76866328,U,NAD83
02011470,38.19040156,-79.81172000,U,NAD83
02011490,38.21456767,-79.83755460,U,NAD83
02011500,38.06956880,-79.89700030,U,NAD83
02011800,37.94845825,-79.94922369,U,NAD83
02013000,37.80290220,-80.04700430,U,NAD83
02013100,37.78873620,-80.00061319,U,NAD83
02014000,37.72901408,-80.04228020,U,NAD83
02015700,38.19540308,-79.57032338,U,NAD83
02015729,38.15541667,-79.59644440,1,NAD83
02016000,37.79179587,-79.75949170,U,NAD83
02016500,37.77374009,-79.78449250,U,NAD83
02017500,37.50623970,-80.10671500,U,NAD83
02018000,37.66596174,-79.91143880,U,NAD83
02018500,37.46818624,-80.00532199,U,NAD83
02019500,37.53068995,-79.67892810,S,NAD83
02020246,38.27597220,-79.33538889,1,NAD83
02020500,37.98790619,-79.49365288,U,NAD83
02021500,37.90735266,-79.42198289,U,NAD83
02022500,37.82568687,-79.44309380,U,NAD83
02024000,37.76263275,-79.39142510,U,NAD83
02024750,37.57983127,-79.37639420,S,NAD83
02024752,37.55541524,-79.36725470,S,NAD83
02024915,37.69750000,-79.27833330,S,NAD83
02025500,37.50125080,-79.26252870,U,NAD83
02025652,37.48527778,-79.16666670,S,NAD83
02026000,37.53625390,-78.82946110,U,NAD83
02027000,37.71541868,-78.98169100,U,NAD83
02027500,37.70236250,-79.02752540,U,NAD83
0202848938,37.88386110,-78.89930560,1,NAD83
02028500,37.86958499,-78.82335430,U,NAD83
02029000,37.79736510,-78.49139800,U,NAD83
02030000,37.81264259,-78.45528620,U,NAD83
02030500,37.70292198,-78.37750429,U,NAD83
02031000,38.10263608,-78.59279350,U,NAD83
02032250,38.14069020,-78.55584780,U,NAD83
02032515,38.10180306,-78.46056660,U,NAD83
02034000,37.85791920,-78.26583730,U,NAD83
02035000,37.67097957,-78.08583280,U,NAD83
02036500,37.59792515,-77.81971800,U,NAD83
02037000,37.56459120,-77.57415460,U,NAD83
02037500,37.56320220,-77.54693140,U,NAD83
02038850,37.41542434,-78.63583920,U,NAD83
02039000,37.25709664,-78.48638410,U,NAD83
02039500,37.30709650,-78.38860700,U,NAD83
02040000,37.42153845,-77.85888760,U,NAD83
02040892,37.31805556,-77.80166670,S,NAD83
02041000,37.28320595,-77.86972200,U,NAD83
02041650,37.22515050,-77.47526300,U,NAD83
02042500,37.43625765,-77.06080270,S,NAD83
0204309906,36.69064444,-76.21231670,H,NAD83
02044500,36.98348220,-77.79971880,U,NAD83
02045320,36.90111110,-77.67361110,S,NAD83
02045500,36.90014978,-77.39969960,U,NAD83
02046000,37.06709420,-77.60248900,U,NAD83
02047000,36.77042760,-77.16607780,U,NAD83
02047370,36.56681864,-76.94440580,U,NAD83
02047500,37.02514990,-76.87468240,U,NAD83
02047783,36.90653868,-76.81995939,S,NAD83
02049500,36.76264990,-76.89829369,R,NAD83
02050000,36.68042849,-76.91829400,S,NAD83
02051000,36.99737380,-78.34971820,U,NAD83
02051190,36.78694444,-78.11750000,S,NAD83
02051500,36.71681395,-77.83165820,U,NAD83
02052000,36.69014954,-77.54053640,U,NAD83
02052090,36.57000000,-77.36138889,S,NAD83
0205373075,37.19136110,-80.14408330,1,NAD83
0205373422,37.16475000,-80.14136110,1,NAD83
02053800,37.14013230,-80.26643280,U,NAD83
02054500,37.23652179,-80.20920890,U,NAD83
02054530,37.26791157,-80.13948580,U,NAD83
02054750,37.27155556,-80.00788889,S,NAD83
02055000,37.25847085,-79.93864850,U,NAD83
02055080,37.26419444,-79.91544440,S,NAD83
02055100,37.41763318,-79.93531930,U,NAD83
02055379,37.31405556,-79.93244440,1,NAD83
0205551460,37.27794444,-79.93755560,1,NAD83
0205551614,37.27788889,-79.90936110,S,NAD83
02056000,37.25513840,-79.87142539,U,NAD83
02056650,37.22763879,-79.86809150,U,NAD83
02056900,37.04514060,-79.84419930,U,NAD83
0205696095,37.05583330,-79.82547220,1,NAD83
02058400,36.94597670,-79.52475080,U,NAD83
02059500,37.17319950,-79.52030760,U,NAD83
02060500,37.10458716,-79.29530150,U,NAD83
02061500,37.20847738,-79.30363570,U,NAD83
02062500,37.03944444,-78.94572220,1,NAD83
02064000,37.12680956,-78.95973740,U,NAD83
02065500,37.07931120,-78.76361780,U,NAD83
02066000,36.91514189,-78.74083840,U,NAD83
02069700,36.57097100,-80.12949280,U,NAD83
02070000,36.56819358,-79.98726539,U,NAD83
02071530,36.77846800,-80.24921848,S,NAD83
02072000,36.78069250,-80.02476470,U,NAD83
02072500,36.77013709,-80.00087509,U,NAD83
02073000,36.66124860,-79.88059460,U,NAD83
02074500,36.61958250,-79.50419320,U,NAD83
02075045,36.56263889,-79.36974400,U,NAD83
02075500,36.64236056,-79.08945900,U,NAD83
02076000,36.69322220,-78.90041670,1,NAD83
02077000,36.77652670,-78.91584380,U,NAD83
02079500,36.60319824,-78.29777430,U,NAD83
02079640,36.67958589,-78.32666400,U,NAD83
02110400,33.95350500,-78.71973988,S,NAD83
02110500,33.91267190,-78.71501750,R,NAD83
02110550,33.85083330,-78.89722220,S,NAD83
02110701,33.86100349,-79.04114710,S,NAD83
02110704,33.83294810,-79.04364730,R,NAD83
02110725,33.68711510,-79.00475690,U,NAD83
02110777,33.85156120,-78.65584830,R,NAD83
02110802,33.64905837,-79.09420639,U,NAD83
021108125,33.50655724,-79.12698670,F,NAD83
02110815,33.44461245,-79.17393410,U,NAD83
02130000,34.70848979,-79.87617470,F,NAD83
02130561,34.60626798,-79.78839630,F,NAD83
02130700,34.52555556,-79.83277780,S,NAD83
02130810,34.30027778,-79.63444440,S,NAD83
02130840,34.66333330,-80.21166670,F,NAD83
02130900,34.51404244,-80.18312440,U,NAD83
02130910,34.39737618,-80.14979100,U,NAD83
02130930,34.38666667,-79.90388889,S,NAD83
02130980,34.24376518,-79.74478330,R,NAD83
02131000,34.20432518,-79.54838960,U,NAD83
02131010,34.15738145,-79.55339040,R,NAD83
021313485,34.58222220,-80.45694440,S,NAD83
02131452,34.58583330,-80.58055560,S,NAD83
02131455,34.55126560,-80.54646110,U,NAD83
02131472,34.51626465,-80.58285140,U,NAD83
02131500,34.25015450,-80.21368160,U,NAD83
02131510,34.03819444,-79.98613889,S,NAD83
02132000,34.05154846,-79.75395450,U,NAD83
02132715,34.20694444,-79.17250000,S,NAD83
02134900,34.22599744,-79.13420510,F,NAD83
02135000,34.05710829,-79.24698970,U,NAD83
02135100,33.83388889,-79.25194440,S,NAD83
02135200,33.66100240,-79.15448740,U,NAD83
02135501,33.83388889,-80.13158330,S,NAD83
021355015,33.81302778,-80.15161110,S,NAD83
02135615,33.72963889,-80.22019440,S,NAD83
02136000,33.66127545,-79.83590448,U,NAD83
02136030,33.49044467,-79.54561819,S,NAD83
02136350,33.36933396,-79.26366170,U,NAD83
02136361,33.32850037,-79.33811020,U,NAD83
021457492,35.06500000,-81.13833330,R,NAD83
02145910,35.01641944,-81.00156389,S,NAD83
021459367,34.98680830,-81.00833889,S,NAD83
02146000,34.98486935,-80.97396580,U,NAD83
02146110,34.94444444,-80.97972220,S,NAD83
0214676115,35.04083330,-80.89166670,S,NAD83
02146800,35.00598120,-80.90229680,U,NAD83
02147020,34.83625705,-80.87951800,U,NAD83
02147310,34.59805556,-80.89055560,S,NAD83
021473415,34.97500000,-81.18000000,R,NAD83
021473426,34.95653054,-81.10618820,F,NAD83
021473428,34.88927778,-81.06869440,C,NAD83
021473470,34.81516667,-81.13027780,S,NAD83
02147403,34.63681050,-80.92730110,R,NAD83
021474095,34.55797830,-80.89316270,S,NAD83
02147500,34.56542210,-80.91980250,S,NAD83
02147505,34.54111110,-80.87527780,S,NAD83
02147659,34.36794444,-80.95466670,S,NAD83
02147801,34.33542657,-80.70202420,F,NAD83
02148000,34.24459385,-80.65396970,S,NAD83
02148315,33.82848933,-80.62036450,U,NAD83
02153051,35.13762807,-81.59787230,U,NAD83
02153200,35.12401728,-81.58787199,R,NAD83
02153525,35.05194444,-81.52583330,S,NAD83
02153551,35.03124190,-81.49259100,F,NAD83
02153590,35.11846498,-81.43647578,S,NAD83
02153700,35.06290450,-81.71454440,U,NAD83
02154500,35.12095166,-81.98594030,U,NAD83
02154790,35.10650510,-82.12955490,F,NAD83
02155500,35.10984144,-81.95955070,U,NAD83
021556525,35.04762310,-81.85565920,F,NAD83
02156300,34.94818030,-81.86871410,U,NAD83
02156370,34.87333330,-81.53166670,S,NAD83
021564493,34.66305556,-81.44722220,S,NAD83
02156500,34.59513930,-81.42120890,U,NAD83
02157000,34.92928718,-82.04427250,U,NAD83
02157470,35.03888889,-82.21861110,R,NAD83
02157490,34.97527778,-82.19555560,R,NAD83
02157510,34.94011870,-82.12344210,S,NAD83
02160105,34.53541630,-81.54815800,U,NAD83
02160325,34.88345068,-82.30122780,U,NAD83
02160326,34.85650727,-82.22622468,F,NAD83
021603273,34.85611110,-82.26833330,S,NAD83
02160381,34.71678818,-82.17372220,F,NAD83
02160390,34.68345815,-82.03982290,U,NAD83
02160700,34.50930390,-81.59815940,R,NAD83
02160991,34.26070285,-81.33037470,U,NAD83
02161000,34.24320335,-81.31954100,R,NAD83
02162035,34.04833330,-81.07333330,S,NAD83
02162093,34.02737615,-81.04175880,U,NAD83
02162100,34.03348630,-81.06898180,U,NAD83
02162110,33.99987650,-81.04981498,U,NAD83
021622845,35.06083330,-82.70500000,R,NAD83
021622847,35.06777778,-82.69805560,R,NAD83
02162285,35.06416667,-82.67250000,S,NAD83
02162287,35.06222220,-82.66972220,S,NAD83
02162290,35.06345088,-82.65012800,1,NAD83
02162350,35.12011720,-82.53762300,U,NAD83
021623950,35.16722220,-82.36472220,S,NAD83
021623957,35.17000000,-82.40277780,S,NAD83
021623961,35.14166667,-82.40861110,S,NAD83
021623975,35.08388889,-82.46000000,S,NAD83
02162500,34.84233977,-82.48068140,U,NAD83
02163001,34.61483660,-82.44401468,R,NAD83
02163500,34.39178518,-82.22345068,R,NAD83
02164000,34.80011830,-82.36512130,U,NAD83
02164110,34.65289568,-82.29761860,F,NAD83
021650905,34.39138889,-82.13944440,S,NAD83
02165200,34.52011957,-82.15705140,U,NAD83
021652801,34.52500000,-82.13833330,S,NAD83
02166501,34.16763036,-81.90789230,U,NAD83
02167000,34.17457619,-81.86400200,U,NAD83
02167450,34.20957949,-81.76316590,U,NAD83
02167582,34.16875010,-81.61038399,U,NAD83
02167705,34.04458079,-81.69705100,U,NAD83
02168501,34.05348200,-81.21676420,R,NAD83
02168504,34.05098220,-81.20954180,U,NAD83
02168900,34.02598460,-81.12787290,U,NAD83
02169000,34.01404160,-81.08787170,S,NAD83
02169500,33.99320985,-81.04981500,S,NAD83
02169505,33.99487740,-81.02370290,U,NAD83
02169506,33.98750000,-81.02750000,S,NAD83
021695075,33.93238889,-81.01733330,S,NAD83
02169568,34.01293324,-80.98203500,U,NAD83
02169570,33.98960016,-80.97425730,S,NAD83
02169625,33.81071000,-80.86703480,5,NAD83
02169672,33.81626536,-80.82731210,S,NAD83
02169750,33.75307320,-80.64497660,S,NAD83
02169810,33.73126819,-80.62842090,S,NAD83
02171001,33.45016520,-80.16369490,U,NAD83
02171500,33.45433217,-80.14147189,R,NAD83
02171645,33.42750000,-79.91500000,R,NAD83
02171700,33.30488930,-79.67812630,U,NAD83
02171800,33.20850056,-79.38255800,U,NAD83
02171850,33.18405650,-79.40589290,U,NAD83
02171905,33.15433435,-79.35422370,U,NAD83
02172001,33.24461337,-79.99146900,U,NAD83
02172002,33.21516925,-79.97452480,F,NAD83
02172020,33.09350420,-79.94897080,S,NAD83
02172035,33.13155840,-79.78368870,5,NAD83
021720368,33.02850000,-79.85411110,S,NAD83
02172040,33.06378245,-79.95702700,R,NAD83
02172050,33.05767134,-79.93619338,U,NAD83
021720508,33.01577778,-79.90675000,S,NAD83
02172053,32.98350580,-79.92286120,U,NAD83
021720612,32.98267277,-80.00036300,F,NAD83
021720677,32.89045228,-79.96286450,U,NAD83
0217206935,32.85569444,-79.95266670,S,NAD83
0217206962,32.92427778,-79.83269440,S,NAD83
021720698,32.85906380,-79.89619630,F,NAD83
021720709,32.80239835,-79.91008690,U,NAD83
021720710,32.78045440,-79.92369900,F,NAD83
021720711,32.78045440,-79.92369900,R,NAD83
02172081,32.95878299,-80.20092790,F,NAD83
021720825,32.92583333,-80.15166670,S,NAD83
021720869,32.83462010,-80.02370140,F,NAD83
02172300,33.75347736,-81.60177140,S,NAD83
02172558,33.52027778,-81.41027780,S,NAD83
02173000,33.39320916,-81.13315590,U,NAD83
02173030,33.35904420,-81.05954250,U,NAD83
02173051,33.33710079,-81.01870800,U,NAD83
02173212,33.69000000,-81.25416670,S,NAD83
02173300,33.59043034,-81.10537510,U,NAD83
02173500,33.48348715,-80.87342578,U,NAD83
02174045,33.09027778,-80.64972220,S,NAD83
02174475,33.14680556,-80.33083330,S,NAD83
02175000,33.02794645,-80.39148760,S,NAD83
02175500,32.98904958,-81.05260440,U,NAD83
02176500,32.83627770,-81.13177180,U,NAD83
021765182,32.58836110,-80.92347220,S,NAD83
02177000,34.81398140,-83.30599300,F,NAD83
02186000,34.80150120,-82.74847250,U,NAD83
02186702,34.64500000,-82.80055560,S,NAD83
02187910,34.38316394,-82.57735200,F,NAD83
02192500,34.07150595,-82.50068530,U,NAD83
02196000,33.72929717,-82.18178730,R,NAD83
02196690,33.47819280,-81.90761399,U,NAD83
02197300,33.38486640,-81.61649800,R,NAD83
02197415,33.07348677,-81.47677450,U,NAD83
02198760,32.34963773,-81.12483240,S,NAD83
021989784,32.18575747,-81.11789000,S,NAD83
021989791,32.17075820,-81.11816770,S,NAD83
0219897993,32.10305556,-81.00694440,S,NAD83
03010674,42.06438889,-78.16294440,1,NAD83
03010720,42.03562085,-78.34307188,S,NAD83
03010820,42.07305556,-78.45111110,S,NAD83
03011020,42.15638889,-78.71527780,S,NAD83
03014500,42.11250000,-79.20388889,S,NAD83
03164000,36.64734970,-80.97896900,U,NAD83
03165000,36.64596130,-80.91924440,U,NAD83
03165500,36.83484534,-80.95258070,U,NAD83
03167000,36.93900995,-80.88729970,S,NAD83
03168000,36.93762235,-80.74562570,U,NAD83
03170000,37.03762635,-80.55672390,U,NAD83
03171000,37.14179254,-80.56922499,U,NAD83
0317154954,37.31322220,-80.50888889,1,NAD83
0317159760,37.33955556,-80.62455560,1,NAD83
03173000,37.26817845,-80.70951250,U,NAD83
03175500,37.30567654,-80.84979930,U,NAD83
03176500,37.37289860,-80.86063470,U,NAD83
03177710,37.27150554,-81.30482270,U,NAD83
03207800,37.35371995,-82.19569350,U,NAD83
03208500,37.20705367,-82.29569930,U,NAD83
03208950,37.12399520,-82.43876140,U,NAD83
03209000,37.23705384,-82.34320179,U,NAD83
03209200,37.24594307,-82.32347869,U,NAD83
03471500,36.76039310,-81.63122929,U,NAD83
03473000,36.65178127,-81.84401020,U,NAD83
03474000,36.80733756,-81.62206170,U,NAD83
03475000,36.71316940,-81.81873340,U,NAD83
03478400,36.63177439,-82.13374250,U,NAD83
03488000,36.89678115,-81.74622930,U,NAD83
03490000,36.60871119,-82.56793100,U,NAD83
03524000,36.94482950,-82.15485690,U,NAD83
03524500,36.92926938,-82.45626190,U,NAD83
03527000,36.64870849,-82.75043840,U,NAD83
03529500,36.86898536,-82.77543870,U,NAD83
03531500,36.66203367,-83.09489280,U,NAD83
04213319,42.33080556,-79.58991670,1,NAD83
04213376,42.45063889,-79.35044440,1,NAD83
04213394,42.54391667,-79.16466670,1,NAD83
04213401,42.53839170,-79.16920660,S,NAD83
04213500,42.46333330,-78.93416670,S,NAD83
04214060,42.65666667,-79.03555560,S,NAD83
0421422210,42.70655556,-78.84925000,1,NAD83
04214231,42.68027778,-78.87869440,1,NAD83
04214500,42.85472220,-78.75500000,S,NAD83
04215000,42.89000000,-78.64500000,S,NAD83
04215500,42.82972220,-78.77500000,S,NAD83
04216418,42.86388889,-78.28361110,S,NAD83
04217000,42.99750000,-78.18861110,S,NAD83
04218000,43.09305556,-78.63611110,S,NAD83
04218518,42.97777778,-78.76361110,S,NAD83
04219000,43.07177778,-77.29697220,1,NAD83
04219768,43.31380556,-78.71541670,1,NAD83
04220045,43.17430556,-78.38638889,1,NAD83
0422016550,43.30116900,-78.31027340,S,NAD83
04220223,43.33908330,-77.91522220,1,NAD83
0422026250,43.25361110,-77.74222220,S,NAD83
04221000,42.12222220,-77.95722220,S,NAD83
04223000,42.57027778,-78.04222220,S,NAD83
04224775,42.53555556,-77.70416670,S,NAD83
04226000,42.68247220,-77.82869440,1,NAD83
04227000,42.73611110,-77.84161110,1,NAD83
04227500,42.76666667,-77.83888889,S,NAD83
04227995,42.85416667,-77.71527778,1,NAD83
04228500,42.91777778,-77.75722220,S,NAD83
04229500,42.95722220,-77.58888889,S,NAD83
04230380,42.74416667,-78.13750000,S,NAD83
04230500,43.01000000,-77.79138889,S,NAD83
04230650,43.09222220,-77.68027778,S,NAD83
04231000,43.10055556,-77.88222220,S,NAD83
04231600,43.14172220,-77.61630560,1,NAD83
04232034,43.02777778,-77.47805560,S,NAD83
04232050,43.12802778,-77.52700000,1,NAD83
0423205010,43.14500000,-77.51194440,S,NAD83
04232076,43.19145438,-76.91218570,S,NAD83
04232100,43.32527778,-76.64722220,S,NAD83
04232200,42.32827778,-76.84391670,1,NAD83
0423245850,42.62769444,-77.15891670,1,NAD83
04232482,42.68027778,-76.95388889,S,NAD83
04232730,42.93888889,-76.76111110,S,NAD83
04233255,42.42722220,-76.52166670,S,NAD83
04233286,42.38138889,-76.39444440,S,NAD83
04233300,42.40305556,-76.43500000,S,NAD83
04234000,42.45333330,-76.47277778,S,NAD83
0423401815,42.55261110,-76.53383330,1,NAD83
0423406130,42.96292674,-76.73689610,S,NAD83
04234254,43.06747220,-77.29822220,1,NAD83
04234398,42.70466667,-77.27591670,1,NAD83
04235000,42.91822220,-77.23277778,1,NAD83
04235250,42.95777778,-77.06805560,S,NAD83
04235299,42.71158330,-76.43400000,1,NAD83
04235440,42.93222220,-76.56500000,S,NAD83
04235600,43.07861110,-76.64555560,S,NAD83
04235890,42.74202778,-76.26536110,1,NAD83
04236800,43.01488889,-76.47225000,1,NAD83
04237020,43.10013889,-76.49816670,1,NAD83
04237411,43.11506688,-76.43882490,S,NAD83
04237496,43.16233330,-76.36269440,1,NAD83
04237962,42.90000000,-76.16916670,S,NAD83
04239000,42.98333330,-76.15083330,S,NAD83
04240010,43.05750000,-76.16250000,S,NAD83
04240100,43.03583330,-76.18166670,S,NAD83
04240105,43.05611110,-76.18500000,S,NAD83
04240120,43.07722220,-76.17027778,S,NAD83
04240300,43.08083330,-76.22638889,S,NAD83
04242500,43.30111110,-75.62147220,S,NAD83
04242640,43.25825000,-75.61302778,1,NAD83
04243500,43.09755556,-75.63941670,1,NAD83
04243783,43.09561110,-75.75122220,1,NAD83
04244000,43.02305556,-75.85861110,S,NAD83
04245840,43.25972220,-76.00277778,S,NAD83
04247000,43.20500000,-76.21777778,S,NAD83
04247055,43.21116667,-76.28711110,1,NAD83
04249000,43.45166667,-76.50527778,S,NAD83
04249200,43.54222220,-75.81388889,S,NAD83
04250200,43.53119444,-76.03769440,1,NAD83
04250750,43.81333330,-76.07472220,S,NAD83
04252500,43.51166667,-75.30666670,S,NAD83
04253294,43.74305556,-74.71472220,S,NAD83
04253295,43.74500000,-74.71444440,S,NAD83
04253296,43.74395410,-74.72183480,S,NAD83
04254500,43.61027778,-75.11055560,S,NAD83
04256000,43.74680556,-75.33344440,1,NAD83
04258000,43.89722220,-75.40416670,S,NAD83
04260500,43.98555556,-75.92472220,S,NAD83
04262000,44.22250000,-75.07444440,S,NAD83
04262500,44.18555556,-75.33083330,S,NAD83
04263000,44.59944440,-75.37888889,S,NAD83
04265432,44.84666667,-75.07805560,S,NAD83
04266500,44.23472220,-74.57194440,S,NAD83
04267500,44.50983330,-74.88361110,1,NAD83
04268000,44.83888889,-74.97888889,S,NAD83
04268800,44.59861110,-74.73722220,S,NAD83
04269000,44.86361110,-74.77888889,S,NAD83
04270200,44.94000000,-74.55694440,S,NAD83
04271500,45.00000000,-73.50083330,S,NAD83
04271815,44.90222220,-73.41500000,S,NAD83
04273500,44.68166667,-73.47111110,S,NAD83
04273700,44.64000000,-73.49472220,S,NAD83
04273800,44.59416667,-73.49611110,S,NAD83
04275000,44.43738889,-73.68097220,1,NAD83
04275500,44.45138889,-73.64250000,S,NAD83
04276500,44.35833330,-73.39444440,S,NAD83
04276842,43.94250000,-73.46361110,S,NAD83
04279000,43.84402778,-73.43188889,1,NAD83
04279001,43.84408330,-73.43172220,1,NAD83
04280450,43.46388889,-73.28416670,S,NAD83
05049995,45.86134908,-96.57256910,S,NAD83
05050000,45.86246018,-96.57395800,S,NAD83
05290000,45.61583330,-96.87555560,S,NAD83
05291000,45.29163160,-96.48755700,S,NAD83
06334500,45.54813430,-103.97123860,1,NAD83
06354881,45.72842778,-100.59627500,5,NAD83
06355500,45.80222000,-102.36237950,M,NAD83
06356500,45.64868830,-102.64332590,M,NAD83
06357800,45.65777405,-100.81819330,M,NAD83
06359500,45.19775826,-102.15654720,M,NAD83
06360500,45.25581710,-100.84292140,M,NAD83
06395000,43.30552860,-103.82103120,M,NAD83
06400000,43.23997360,-103.58825190,M,NAD83
06400875,43.18803166,-103.22658660,M,NAD83
06401500,43.34497757,-103.43714120,M,NAD83
06402000,43.43053476,-103.47630690,M,NAD83
06402430,43.58137177,-103.47658350,M,NAD83
06402500,43.46664950,-103.30603080,M,NAD83
06402600,43.50196360,-103.07441030,M,NAD83
06403300,43.71721050,-103.36797130,M,NAD83
06403700,43.67240580,-102.89212980,M,NAD83
06403810,43.90503200,-103.46386020,M,NAD83
06403850,43.87804330,-103.43769070,M,NAD83
06404000,43.87164727,-103.33630290,M,NAD83
06404998,43.76110028,-103.36408160,M,NAD83
06406000,43.82804586,-103.19602110,M,NAD83
06406500,43.72543145,-102.90612310,1,NAD83
06406700,43.86623670,-103.62406670,M,NAD83
06406740,43.86942940,-103.58241580,M,NAD83
06406760,43.90970670,-103.61241620,M,NAD83
06407500,43.97871038,-103.34604690,1,NAD83
06408650,43.89804490,-102.64406110,R,NAD83
06408700,44.13387149,-103.86159120,M,NAD83
06409000,44.01359238,-103.83047840,M,NAD83
06410000,44.02914848,-103.78186520,M,NAD83
06410500,44.08470785,-103.58047020,M,NAD83
06411500,44.07665378,-103.48213400,M,NAD83
06411900,44.08198719,-103.44293830,1,NAD83
06412000,44.05498747,-103.41713200,M,NAD83
06412200,44.04659880,-103.35157420,M,NAD83
06412220,44.02990427,-103.43549370,M,NAD83
06412250,44.01804337,-103.38574200,M,NAD83
06412500,44.05276555,-103.31185070,M,NAD83
06412580,44.08109855,-103.36546360,M,NAD83
06412810,44.05887667,-103.29740580,M,NAD83
06413620,44.09276526,-103.32740680,M,NAD83
06414000,44.08551554,-103.24184300,M,NAD83
06416000,44.06726568,-103.18093000,M,NAD83
06418800,44.02680556,-103.10111110,M,NAD83
06421500,43.94210239,-102.85392470,M,NAD83
06422500,44.14433390,-103.45453850,M,NAD83
06423010,44.13165400,-103.29879490,M,NAD83
06423050,44.11154320,-103.12487290,R,NAD83
06423100,44.10737658,-103.03028670,R,NAD83
06423500,44.08109849,-102.40127460,M,NAD83
06424000,44.29470730,-103.59685920,M,NAD83
06425100,44.24026460,-103.15129070,M,NAD83
06425500,44.24831768,-102.50322170,M,NAD83
06428500,44.74887406,-104.05160180,M,NAD83
06429997,44.57637390,-104.05604530,S,NAD83
06430500,44.57190440,-104.05355080,1,NAD83
06430770,44.29921736,-103.86816410,1,NAD83
06430850,44.34968650,-103.93591180,M,NAD83
06431500,44.48248388,-103.86159200,M,NAD83
06433000,44.66720665,-103.83936960,M,NAD83
06434505,44.70092898,-103.73278170,R,NAD83
06436000,44.69081780,-103.73769850,M,NAD83
06436180,44.44220650,-103.62936060,M,NAD83
06436190,44.54175655,-103.57198670,M,NAD83
06436198,44.61748500,-103.48074520,M,NAD83
06437000,44.51304180,-103.13684640,M,NAD83
06437020,44.33554030,-103.63547160,M,NAD83
06437200,44.39637350,-103.58269220,M,NAD83
06438000,44.36998900,-102.56652560,M,NAD83
06438500,44.52943040,-101.93015310,M,NAD83
06440000,44.37303770,-100.36791140,M,NAD83
06440200,43.96901750,-101.76722900,M,NAD83
06441000,44.06720950,-101.16086230,M,NAD83
06441500,44.32664897,-100.38430030,M,NAD83
06441590,44.35192678,-100.35902200,M,NAD83
06441592,44.34609370,-100.32041000,M,NAD83
06441595,44.33414970,-100.26540850,M,NAD83
06442130,44.14026325,-100.08484640,R,NAD83
06442600,44.01637796,-99.74511300,R,NAD83
06442900,44.07748630,-99.15106100,M,NAD83
06442996,43.81610580,-99.32732230,M,NAD83
06445685,43.01303600,-102.83573270,M,NAD83
06446000,43.25484357,-102.82735110,M,NAD83
06446500,43.69388346,-101.93265160,M,NAD83
06446700,43.53666558,-101.79859230,1,NAD83
06447000,43.75249490,-101.52486650,M,NAD83
06447230,43.75527266,-101.22792050,R,NAD83
06447450,43.71304839,-100.68505340,R,NAD83
06447500,43.16691550,-101.63273220,M,NAD83
06449000,43.14591660,-101.51287130,M,NAD83
06449100,43.10069918,-101.23223400,M,NAD83
06449500,43.32555860,-100.88375560,M,NAD83
06450500,43.60138549,-100.74986080,M,NAD83
06452000,43.74832745,-99.55649480,M,NAD83
06452320,43.32721920,-98.97064460,M,NAD83
06453020,42.90527446,-98.34980230,M,NAD83
06453600,42.81111110,-98.17583330,S,NAD83
06453620,42.77097220,-98.06194440,1,NAD83
06454100,42.42361110,-103.79222220,S,NAD83
06461150,42.90361110,-100.42583330,S,NAD83
06461300,42.94027778,-100.45750000,S,NAD83
06461500,42.90222220,-100.36222220,S,NAD83
06461595,42.79416667,-100.05500000,S,NAD83
06463500,42.68944444,-99.67888890,S,NAD83
06463670,42.71722220,-99.41472220,S,NAD83
06463720,42.78055556,-99.33972220,S,NAD83
06464100,43.12917164,-100.10706710,M,NAD83
06464500,43.02708720,-99.78092100,M,NAD83
06465500,42.73972220,-98.22277780,S,NAD83
06465700,42.65444444,-98.04333330,S,NAD83
06466000,42.74844444,-98.05800000,S,NAD83
06466010,42.76166746,-98.02812680,F,NAD83
06466400,42.61638889,-97.87805560,S,NAD83
06466470,42.67321667,-97.85386110,1,NAD83
06466500,42.73222220,-97.92250000,S,NAD83
06466700,42.85583236,-97.88534600,M,NAD83
06467500,42.86610887,-97.39394790,M,NAD83
06471000,45.60357950,-98.31037560,M,NAD83
06471065,45.83747530,-98.70204560,R,NAD83
06471500,45.65608660,-98.49704020,M,NAD83
06471510,45.56225050,-98.41281800,R,NAD83
06471770,45.47055820,-98.45398330,R,NAD83
06471800,45.51919906,-98.57754100,R,NAD83
06472000,45.24163936,-98.39148190,M,NAD83
06473000,44.99830768,-98.48092700,M,NAD83
06475000,44.91053097,-98.47203860,M,NAD83
06476000,44.36359475,-98.19925700,R,NAD83
06477000,43.97387210,-98.07091600,M,NAD83
06477500,43.77640219,-98.24566580,1,NAD83
06478000,43.65887165,-97.91924030,M,NAD83
06478500,43.18582550,-97.63562200,M,NAD83
06478513,42.99582970,-97.36978060,M,NAD83
06478522,42.76527778,-97.17256670,1,NAD83
06478523,42.76110880,-97.08226990,R,NAD83
06478526,42.71469444,-96.94361110,S,NAD83
06478600,43.44525895,-97.10977880,M,NAD83
06478690,43.41562216,-97.20519720,M,NAD83
06479010,42.81721870,-96.92421060,M,NAD83
06479215,45.18079549,-97.18619040,M,NAD83
06479438,45.00607530,-97.16507560,M,NAD83
06479449,44.91724198,-97.18743650,R,NAD83
06479452,44.94885319,-97.16090830,R,NAD83
06479490,45.00818670,-97.10621330,R,NAD83
06479498,44.95302009,-97.10674030,R,NAD83
06479500,44.94246436,-97.14618560,M,NAD83
06479512,44.88940887,-97.11896200,M,NAD83
06479515,44.91885360,-97.04562710,R,NAD83
06479520,44.84774230,-97.04951500,M,NAD83
06479525,44.73154780,-97.04465180,M,NAD83
06479770,44.46752240,-96.88742040,R,NAD83
06480000,44.18024730,-96.74949600,M,NAD83
06480650,44.06269306,-96.48562600,M,NAD83
06481000,43.79044595,-96.74566230,M,NAD83
06481400,43.57303070,-96.76421790,R,NAD83
06481480,43.84819590,-96.83683130,M,NAD83
06481493,43.63611510,-96.90041540,R,NAD83
06481497,43.63080885,-96.82727490,R,NAD83
06481500,43.53358676,-96.79088490,M,NAD83
06482000,43.50108640,-96.74838400,M,NAD83
06482010,43.60219700,-96.73171700,R,NAD83
06482020,43.56700265,-96.71132740,M,NAD83
06482610,43.61636276,-96.56532270,M,NAD83
06483950,43.05137597,-96.48975450,R,NAD83
06485910,42.62638330,-96.51558680,R,NAD83
06486000,42.48582760,-96.41391840,F,NAD83
06600900,42.14805556,-96.48333330,S,NAD83
06601000,42.32166667,-96.48777780,S,NAD83
06609100,41.55055556,-96.09638890,S,NAD83
06610000,41.25888735,-95.92251380,F,NAD83
06610705,41.50888889,-96.21027780,H,NAD83
06610710,41.45110830,-96.19066390,S,NAD83
06610720,41.37888889,-96.18250000,S,NAD83
06610732,41.30666465,-96.10418520,F,NAD83
06610740,41.24897500,-96.07935830,5,NAD83
06610742,41.36477778,-96.10061110,1,NAD83
06610750,41.31055556,-96.04750000,F,NAD83
06610760,41.27769444,-96.03505560,1,NAD83
06610765,41.24527778,-96.02027780,S,NAD83
06610770,41.20541556,-96.01668260,5,NAD83
06610773,41.29286110,-96.25238890,1,NAD83
06610780,41.24866667,-96.16844440,1,NAD83
06610785,41.20736110,-96.12761110,1,NAD83
06610786,41.17276389,-96.21598330,H,NAD83
06610788,41.18055556,-96.13916670,S,NAD83
06610793,41.15575000,-96.04305560,1,NAD83
06610795,41.11783330,-95.93766670,1,NAD83
06680500,41.84994444,-103.67555560,1,NAD83
06762500,41.22777778,-103.89305560,S,NAD83
06764880,41.12611110,-101.57666670,S,NAD83
06768000,40.68250000,-99.54055560,S,NAD83
06768020,40.70723067,-99.55982890,S,NAD83
06768025,40.67888889,-99.48916670,S,NAD83
06768035,40.68556520,-99.43926800,5,NAD83
06769000,40.73445350,-99.50593700,S,NAD83
06769525,40.72889880,-99.39898850,S,NAD83
06770200,40.65805556,-99.08611110,S,NAD83
06770500,40.87445670,-98.28200440,S,NAD83
06772100,40.87472220,-98.37833330,1,NAD83
06772775,41.09083330,-98.07777780,S,NAD83
06772898,41.29722220,-97.71388890,S,NAD83
06773500,41.32890300,-97.67532960,S,NAD83
06774000,41.36833330,-97.49527780,S,NAD83
06775500,41.83091667,-100.09952780,H,NAD83
06775900,41.77861110,-100.52527780,S,NAD83
06777495,41.66298610,-99.63559720,1,NAD83
06781600,41.42277778,-100.20337780,H,NAD83
06781900,41.19278056,-99.70860830,1,NAD83
06784000,41.03250000,-98.74055560,S,NAD83
06785000,41.20350000,-98.44611110,H,NAD83
06785500,41.94166667,-99.86027780,S,NAD83
06786000,41.77694444,-99.37916670,S,NAD83
06790500,41.26334596,-98.44923600,S,NAD83
06792500,41.40916667,-97.79361110,S,NAD83
06793000,41.41861110,-97.72361110,S,NAD83
06794000,41.44140210,-97.73477450,S,NAD83
06794650,41.35194444,-97.40333330,S,NAD83
06795500,41.52611110,-97.28166670,S,NAD83
06796000,41.45277778,-96.77555560,S,NAD83
06796500,41.32000000,-96.40388890,S,NAD83
06796550,41.19805528,-96.33974460,S,NAD83
06797500,42.26844444,-98.33936110,H,NAD83
06799000,42.00377778,-97.42602780,H,NAD83
06799100,42.14850000,-97.47852780,H,NAD83
06799315,41.99527778,-97.05805560,S,NAD83
06799350,41.83944410,-96.72753240,F,NAD83
06799445,42.27694480,-96.86198620,F,NAD83
06799500,41.71277778,-96.52194440,S,NAD83
06800000,41.56116667,-96.54083330,S,NAD83
06800500,41.29333330,-96.28388890,S,NAD83
06801000,41.06222220,-96.32472220,S,NAD83
06803000,40.65777778,-96.66555560,S,NAD83
06803080,40.77027778,-96.71888890,S,NAD83
06803093,40.76750260,-96.79696500,F,NAD83
06803170,40.81080556,-96.80608330,S,NAD83
06803300,40.80494444,-96.68508330,1,NAD83
06803420,41.13325000,-96.87225000,1,NAD83
06803430,41.07491667,-96.83838890,1,NAD83
06803486,40.85527778,-96.77944440,S,NAD83
06803495,40.83861110,-96.69138890,S,NAD83
06803500,40.84666667,-96.68166670,S,NAD83
06803502,40.83536389,-96.66555830,S,NAD83
06803510,40.89305556,-96.68166670,S,NAD83
06803513,40.88611140,-96.62417950,M,NAD83
06803520,40.85694448,-96.59529020,S,NAD83
06803530,41.01583330,-96.54416670,S,NAD83
06803555,40.96555556,-96.45444440,S,NAD83
06804000,41.14750000,-96.53777780,S,NAD83
06804700,41.05361110,-96.36777780,S,NAD83
06805000,41.05166667,-96.33861110,S,NAD83
06805020,40.99933610,-96.23089720,1,NAD83
06805500,41.01527778,-96.15777780,S,NAD83
06805570,41.05786110,-95.92800000,S,NAD83
06805600,41.00111040,-95.86667510,1,NAD83
06806500,40.79416667,-95.91138890,S,NAD83
06807000,40.68194600,-95.84694600,F,NAD83
06810070,40.39888889,-95.65333330,S,NAD83
06811500,40.39277778,-95.81277780,S,NAD83
06813500,40.05363889,-95.42241670,1,NAD83
06814500,40.15694485,-95.94472060,S,NAD83
06815000,40.03555770,-95.59609570,S,NAD83
06821500,40.02916667,-101.96750000,S,NAD83
06823000,40.06943516,-102.05129790,S,NAD83
06823500,40.03944444,-101.86666670,S,NAD83
06824000,40.04222220,-101.72805560,S,NAD83
06824500,40.03444444,-101.54277780,S,NAD83
06827500,40.01027778,-101.54194440,S,NAD83
06828500,40.14055556,-101.22972220,S,NAD83
06834000,40.35166667,-101.12361110,S,NAD83
06835500,40.23472150,-100.87821390,S,NAD83
06836500,40.14583655,-100.67320830,S,NAD83
06837000,40.18777778,-100.61861110,S,NAD83
06838000,40.23472220,-100.50083330,S,NAD83
06843500,40.28444444,-100.14361110,S,NAD83
06844500,40.13166667,-99.50250000,S,NAD83
06847000,40.12000680,-99.89345660,S,NAD83
06847500,40.11833330,-99.51694440,S,NAD83
06852500,40.00418070,-98.13226780,S,NAD83
06853020,40.06416667,-98.33083330,S,NAD83
06880800,40.73111770,-97.17754130,F,NAD83
06881000,40.59666667,-96.96055560,S,NAD83
06881380,40.36722220,-96.88944440,S,NAD83
06881430,40.29166746,-96.83419390,F,NAD83
06882000,40.04472220,-96.58722220,S,NAD83
06883000,40.33250000,-98.06694440,S,NAD83
06883530,40.21502778,-97.82062220,1,NAD83
06884000,40.14647220,-97.20072220,1,NAD83
321411081004400,32.23638889,-81.01222220,S,NAD83
322033080274700,32.34250000,-80.46305560,S,NAD83
322324080463000,32.39000000,-80.77500000,S,NAD83
322338080403600,32.39388889,-80.67666670,S,NAD83
322548080401100,32.43000000,-80.66972220,R,NAD83
324438080332200,32.74388889,-80.55611110,S,NAD83
324554080264600,32.76517757,-80.44593590,S,NAD83
324636079483900,32.77666667,-79.81083330,S,NAD83
324657079573800,32.78250000,-79.96055560,S,NAD83
324708080062700,32.78555556,-80.10750000,S,NAD83
325755080090300,32.96522220,-80.15091670,S,NAD83
330428079214800,33.07444444,-79.36333330,S,NAD83
332127079173900,33.35750000,-79.29416670,U,NAD83
333250079240400,33.54722220,-79.40111110,S,NAD83
333718079255900,33.62166667,-79.43305560,S,NAD83
335025079265600,33.84044280,-79.44866700,S,NAD83
335401078512800,33.90027778,-78.85777780,S,NAD83
335413079261000,33.90349444,-79.43606389,S,NAD83
335512079392400,33.92000000,-79.65666670,S,NAD83
335957080495100,33.99916667,-80.83083330,S,NAD83
340001080555400,34.00027778,-80.93166670,S,NAD83
363342076261100,36.56177778,-76.43630560,1,NAD83
364145076245400,36.69583330,-76.41500000,S,NAD83
364259076262300,36.71646110,-76.43976110,H,NAD83
364312076211800,36.72005000,-76.35505000,H,NAD83
364314076211900,36.72065000,-76.35540000,H,NAD83
364336076231300,36.72666944,-76.38713060,H,NAD83
364336076231400,36.72659720,-76.38717778,H,NAD83
364355076245000,36.73190000,-76.41391110,H,NAD83
371631079542600,37.27532778,-79.90730000,S,NAD83
372405079110100,37.40155556,-79.18386110,S,NAD83
413054100220201,41.51500000,-100.36722220,S,NAD83
